Timestamp,Latitude,Longitude,X,Y,Distance,LogDist,Azimuth,RouteID,CellID,Frequency_MHz,RSRP_dBm
2012-12-05 12:10:50,35.512498713333,24.01856394,-539.99758156949,461.389488230145,710.265899470172,2.8514209642885,139.488468994411,1,60564,1858.4,-80
2013-03-19 12:11:18,35.51644795,24.018649816667,-532.215617217122,901.018514000311,1046.46444076286,3.01972447544312,120.569591368735,2,60565,1876.6,-78
2013-03-19 12:08:27,35.51797385,24.0187765,-520.73583794899,1070.881702,1190.77849854742,3.07583098414859,115.932186455435,2,60565,1876.6,-89
2013-03-19 12:11:25,35.516188333333,24.018852433333,-513.854917773811,872.117986629682,1012.2433793922,3.00528494493382,120.506738341765,2,60565,1876.6,-84
2013-03-19 12:08:20,35.5180006,24.018881166667,-511.251163008554,1073.85951200039,1189.34940332575,3.07530945902973,115.458538517573,2,60565,1876.6,-71
2012-09-16 15:48:24,35.518305740847,24.018925139407,-507.266445074146,1107.82779108812,1218.44230926431,3.08580497105763,114.602705664769,2,60565,1876.6,-91
2012-09-21 13:51:43,35.518722183333,24.018951116667,-504.912439983284,1154.18616862957,1259.79454035397,3.10029972189028,113.627544013186,2,60565,1876.6,-88
2012-12-05 12:11:03,35.512497275,24.0189800075,-502.294412987438,461.229373000457,681.932703304945,2.83374151831428,137.440448757553,1,60564,1858.4,-71
2012-12-05 11:28:20,35.51385875,24.019085866667,-492.701676185476,612.788770000006,786.298301126295,2.89558733733195,128.800389317274,1,60565,1876.6,-68
2013-03-19 12:11:31,35.516058183333,24.01901975,-498.693030574145,857.629688630035,992.080350356197,2.99654684786299,120.177070839928,2,60565,1876.6,-84
2013-03-19 12:08:14,35.518018683333,24.018988283333,-501.544474271332,1075.87254862954,1187.03352967249,3.07446298647446,114.993738487692,2,60565,1876.6,-83
2012-09-16 15:48:18,35.518316712471,24.018982090019,-502.105699461559,1109.04915227184,1217.41535869508,3.08543877643329,114.357941207764,2,60565,1876.6,-84
2013-03-13 23:53:48,35.518578602296,24.019133604591,-488.375765134247,1138.20272759138,1238.554131666,3.0929149924076,113.223022254919,2,60565,1876.6,-80
2013-03-13 23:45:08,35.515402026429,24.019264772857,-476.489570597245,784.58630207673,917.942251067236,2.96281536003378,121.270859842414,2,60565,1876.6,-79
2013-03-13 23:45:52,35.516184658889,24.019218044444,-480.724001868415,871.708947524126,995.475793360142,2.99803070390343,118.875552049579,2,60565,1876.6,-77
2013-03-19 12:08:08,35.518033283333,24.01916465,-485.562494957682,1077.49782062955,1181.85129774053,3.07256283641548,114.258182600374,2,60565,1876.6,-83
2012-09-19 15:33:01,35.518323603973,24.019258018564,-477.101630533789,1109.8163142749,1208.02244072232,3.08207500199319,113.262502992622,2,60565,1876.6,-92
2013-03-13 23:53:55,35.518560625483,24.01920009217,-482.350799474677,1136.20154876763,1234.34851366048,3.09143779842492,113.002642968202,2,60565,1876.6,-80
2013-01-20 18:35:17,35.512516651111,24.019433318889,-461.21628090669,463.386321676792,653.794570863468,2.8154413098604,134.865527147709,1,60564,1858.4,-79
2012-12-17 18:13:48,35.514500366667,24.019315666667,-471.877679742331,684.213537370845,831.153842173956,2.91968141683285,124.592644764123,1,60565,1876.6,-77
2012-12-17 18:27:00,35.514944116667,24.019372133333,-466.76078830664,733.6117873711,869.512442734695,2.93927580114305,122.466573879182,2,60565,1876.6,-77
2013-03-19 12:11:37,35.516072183333,24.0193523,-468.558043553935,859.188168630055,978.647510236939,2.99062629555726,118.605831431813,2,60565,1876.6,-75
2013-03-19 12:07:55,35.518082483333,24.019381966667,-465.869712100081,1082.97476463028,1178.92702466193,3.07148692318881,113.276212940636,2,60565,1876.6,-83
2013-03-19 12:10:08,35.518156383333,24.019355683333,-468.251452978087,1091.20131262992,1187.4256725797,3.07460643429795,113.224923620319,2,60565,1876.6,-83
2012-09-19 15:32:42,35.518380304832,24.019465997854,-458.2549812944,1116.12825389858,1206.5404705321,3.08154189386519,112.321854837563,2,60565,1876.6,-82
2012-09-16 15:47:40,35.518410761471,24.019419331359,-462.483801685496,1119.51868695237,1211.28582805919,3.08324663604295,112.44598460824,2,60565,1876.6,-92
2013-03-13 23:54:07,35.518557616748,24.019345006864,-469.218932318697,1135.86661638745,1228.96679233809,3.08954014806207,112.445193739539,2,60565,1876.6,-80
2012-12-05 11:28:14,35.513809316667,24.0195904,-446.981918431823,607.285851370804,754.048367599954,2.87739920410326,126.354263564288,1,60565,1876.6,-61
2012-12-04 15:38:26,35.513936016667,24.019606183333,-445.55166573259,621.390095371105,764.618818407183,2.88344498244815,125.641434679277,1,60565,1876.6,-81
2012-12-04 15:38:39,35.513952016667,24.019615,-444.752717767897,623.171215370563,765.602601633743,2.8840034005698,125.515171257842,1,60565,1876.6,-81
2012-09-16 15:43:43,35.518103558967,24.019572087732,-448.641337942867,1085.32090420664,1174.39367982763,3.06981370535864,112.45883408067,2,60565,1876.6,-87
2012-09-16 15:44:08,35.518131274048,24.019508657196,-454.389280745746,1088.40614702395,1179.44798924589,3.07167879432586,112.659626929542,2,60565,1876.6,-87
2012-09-16 15:47:15,35.518262262271,24.019601974041,-445.933102989599,1102.9877560082,1189.72195165338,3.07544547486121,112.013267191026,2,60565,1876.6,-92
2013-03-13 23:54:26,35.518579984401,24.019535295333,-451.97538836035,1138.35658351971,1224.80098911054,3.08806552841283,111.655156984562,2,60565,1876.6,-77
2012-09-13 16:14:52,35.512495383333,24.019787283333,-429.140761660188,461.018792629531,629.841345479857,2.79923116618364,132.949023380567,1,60564,1858.4,-74
2012-12-05 19:05:01,35.513872733333,24.01974932,-432.580919673073,614.345394630155,751.363105274994,2.87584986577544,125.150643659502,1,60564,1858.4,-70
2012-12-04 15:38:20,35.51397635,24.019666033333,-440.128183630264,625.880002000333,765.139591793297,2.88374067491193,125.115460356463,1,60565,1876.6,-81
2012-12-04 17:34:01,35.5141545,24.01980235,-427.775451738415,645.711659999937,774.554959295903,2.88905223897336,123.523947658423,1,60564,1858.4,-71
2013-03-13 23:44:12,35.515096727692,24.019802109231,-427.797269722532,750.600446673442,863.951118135988,2.93648917103866,119.680548337318,2,60565,1876.6,-76
2013-03-19 12:11:44,35.516125183333,24.019700366667,-437.016968551522,865.088128630188,969.206531704591,2.98641633228522,116.801557157532,2,60565,1876.6,-83
2012-09-16 15:43:37,35.517907008544,24.019729219884,-434.402350239186,1063.44091111844,1148.74364996449,3.06022312370385,112.219402489386,2,60565,1876.6,-87
2012-09-16 15:44:14,35.518019424288,24.019694548652,-437.544184929328,1075.95503174039,1161.51803433823,3.06502595727252,112.129440430261,2,60565,1876.6,-87
2012-09-16 15:46:57,35.518135765235,24.019689887661,-437.966554207252,1088.9061059607,1173.6827553486,3.06955072364041,111.910377200385,2,60565,1876.6,-92
2013-03-13 23:54:38,35.518630449155,24.019664384079,-440.27763558593,1143.97431993465,1225.77389475673,3.08841036796745,111.050054317575,2,60565,1876.6,-77
2012-12-04 17:37:15,35.513742666667,24.01988645,-420.154485241816,599.866373370712,732.372485399162,2.86473201986808,125.007916313161,1,60565,1876.6,-91
2012-12-05 18:57:29,35.51392198,24.019913615714,-417.692784929905,619.827533600238,747.431223586127,2.87357123633931,123.975458616293,1,60569,1876.6,-52
2012-12-04 17:29:02,35.514003536,24.019815434,-426.589806962454,628.906347519995,759.935561317672,2.88077676787207,124.149208885503,1,60565,1876.6,-63
2012-12-04 15:55:52,35.5141721425,24.0198198625,-426.188505534161,647.675623100483,775.319518010505,2.88948071710193,123.346024252052,1,60565,1876.6,-55
2012-12-17 18:21:48,35.51502883,24.019955863333,-413.864393860362,743.042075600163,850.526462032548,2.92968783016015,119.117215883068,2,60565,1876.6,-89
2012-09-16 17:20:05,35.516251994671,24.019856330758,-422.883828097851,879.20476677627,975.618651927487,2.98928009458527,115.686831258515,2,60565,1876.6,-81
2013-03-19 12:10:53,35.517020016667,24.019873933333,-421.28871948524,964.700975370447,1052.67856302207,3.02229577895671,113.591083443685,2,60565,1876.6,-74
2012-09-16 15:43:24,35.517444455862,24.01993042202,-416.169832552311,1011.94954655796,1094.18426889874,3.039090466629,112.355185560404,2,60565,1876.6,-87
2012-09-16 15:43:30,35.517660224017,24.019830462444,-425.227960729486,1035.96885757275,1119.84386967414,3.04915747689732,112.316386714083,2,60565,1876.6,-87
2012-09-16 15:46:13,35.517775621002,24.019869817043,-421.661729095021,1048.8148499432,1130.40311537291,3.0532333457508,111.901921710718,2,60565,1876.6,-73
2012-09-16 15:44:20,35.517882927316,24.019827316645,-425.513026469989,1060.76018881766,1142.92323183849,3.05801706057148,111.857680576043,2,60565,1876.6,-87
2013-03-13 23:54:57,35.518624496511,24.019855822301,-422.929903410045,1143.31167160507,1219.02882723372,3.08601397580747,110.300267755559,2,60565,1876.6,-77
2012-12-13 18:12:15,35.510369833333,24.020089383333,-401.765090095622,224.402566630059,460.186592079453,2.66293396098466,150.814819309314,1,60564,1858.4,-78
2012-09-13 16:14:58,35.512499883333,24.020117083333,-399.254973901172,461.519732629848,610.249946982015,2.7855077503581,130.862674581514,1,60564,1858.4,-74
2013-03-12 23:47:01,35.513642741906,24.019981930405,-411.50225019368,588.742748975912,718.298076279044,2.85630470332246,124.951657126384,1,60565,1876.6,-64
2012-12-12 11:32:05,35.513729466667,24.019988216667,-410.932602249705,598.396949370941,725.909438296654,2.86088244315011,124.478259220796,1,60565,1876.6,-77
2012-12-04 15:38:07,35.513901183333,24.01998695,-411.047384969804,617.512448629594,741.809663527667,2.87029248656796,123.64973555954,1,60565,1876.6,-81
2013-01-23 18:25:47,35.513951923,24.019980403,-411.640660447065,623.160788360377,746.844964824175,2.87323045735839,123.447511966806,1,60565,1876.6,-54
2012-12-17 18:20:54,35.515021465,24.0200675075,-403.747432430882,742.222203799955,844.929458007112,2.92682045181703,118.54491321742,2,60565,1876.6,-88
2012-09-16 15:43:18,35.517313112249,24.020081549114,-402.475010672745,997.328375558906,1075.47664917049,3.03160098539155,111.976694760134,2,60565,1876.6,-87
2012-09-16 15:44:33,35.517526633102,24.020046354269,-405.664294080576,1021.0975169151,1098.72820048548,3.04089027146951,111.667064400882,2,60565,1876.6,-87
2012-09-19 17:40:35,35.517790756707,24.020005906704,-409.329568012985,1050.49975662365,1127.4308998409,3.05208993348798,111.288486196705,2,60565,1876.6,-83
2013-03-13 23:55:16,35.518522084345,24.019995523879,-410.270437947124,1131.91114928585,1203.97038258046,3.08061580349981,109.923462047411,2,60565,1876.6,-77
2012-11-18 16:42:48,35.51853845,24.0201294,-398.138863240913,1133.73297400046,1201.60934199044,3.07976329612408,109.350008142005,2,60565,1876.6,-84
2012-12-13 18:12:21,35.510643666667,24.020226183333,-389.368559575928,254.885693370839,465.375753420143,2.66780375232813,146.790723286138,1,60564,1858.4,-78
2012-12-13 18:12:28,35.5108921,24.020298516667,-382.813863797271,282.541292000271,475.789907417736,2.67741522542871,143.570284968254,1,60564,1858.4,-73
2012-12-12 12:25:52,35.513043233333,24.020252633333,-386.971715772958,522.005454629953,649.797509591789,2.81277804253895,126.550182886801,1,60564,1858.4,-73
2012-12-05 11:28:08,35.513789083333,24.020159133333,-395.444490653195,605.033476630094,722.80139252153,2.85901898058485,123.168273112,1,60565,1876.6,-61
2013-04-01 18:32:35,35.51416142,24.020266293333,-385.733875079531,646.481994400396,752.814446904272,2.87668794483817,120.823094222792,1,60561,1861.6,-71
2012-09-16 17:20:11,35.516466201983,24.020298488876,-382.81638215967,903.050324747931,980.840594325684,2.99159843181424,112.972805800059,2,60565,1876.6,-81
2013-03-19 12:10:47,35.51710205,24.020219583333,-389.966637802984,973.832926000137,1049.01122318179,3.02078013465671,111.823391625749,2,60565,1876.6,-73
2012-09-19 15:30:17,35.517292424091,24.020143387757,-396.871321891783,995.025369810835,1071.2526932089,3.02989192678124,111.744856028039,2,60565,1876.6,-86
2012-09-19 15:30:11,35.517357671555,24.020284055874,-384.124270681542,1002.28871750259,1073.3751108348,3.03075152075125,110.969186810926,2,60565,1876.6,-86
2012-09-19 17:40:42,35.517573146697,24.020146674982,-396.57344042199,1026.27541031075,1100.23257153051,3.04148449775479,111.12753371357,2,60565,1876.6,-83
2012-12-02 16:02:07,35.51841645,24.020219716667,-389.954555354004,1120.15193399994,1186.08807029038,3.07411693778125,109.194360560908,2,60565,1876.6,-84
2012-12-13 17:51:15,35.510607793333,24.020458746667,-368.294155572445,250.892273830032,445.631594589549,2.64897597406306,145.736215005091,1,60564,1858.4,-97
2012-09-13 16:15:04,35.512678383333,24.020386016667,-374.884796396205,481.390352629511,610.143656997095,2.78543210074162,127.90982789351,1,60564,1858.4,-74
2012-12-12 12:25:58,35.51335005,24.02035905,-377.328459484578,556.160286000288,672.079630743952,2.82742073308928,124.155037240564,1,60564,1858.4,-84
2013-03-01 10:41:22,35.514050106667,24.020460166667,-368.165478135741,634.090594170742,733.223499968954,2.86523637574366,120.140293704039,1,60565,1876.6,-81
2012-09-18 15:05:40,35.516551222111,24.02038806042,-374.699595764365,912.514765396599,986.44968656936,2.99407493915483,112.324183310507,2,60565,1876.6,-69
2012-09-18 15:05:47,35.516819156536,24.020349298274,-378.212140544448,942.341225588051,1015.40701627377,3.00664015997311,111.868241602851,2,60565,1876.6,-88
2012-09-18 15:05:53,35.517076258549,24.020306826257,-382.060866092525,970.961821674642,1043.42578296164,3.01846156389836,111.478993334865,2,60565,1876.6,-88
2012-09-16 15:43:12,35.517446336558,24.020393532661,-374.203712704669,1012.15890563715,1079.11726372186,3.03306864043843,110.28977984167,2,60565,1876.6,-87
2012-09-15 12:41:25,35.517931916667,24.020423616667,-371.477562861654,1066.21368337106,1129.07360181581,3.05272225354639,109.208754350436,2,60565,1876.6,-92
2013-03-13 23:55:47,35.518473535585,24.020353054606,-377.871749577236,1126.50670132278,1188.19375829605,3.07488726665311,108.54334562979,2,60565,1876.6,-77
2012-12-13 17:49:21,35.510501056,24.020480682,-366.306421471711,239.010273920603,437.385762743842,2.6408646422992,146.876063779924,1,60564,1858.4,-89
2012-09-13 16:15:11,35.512979183333,24.02061795,-353.867481768692,514.875408630078,624.755056854529,2.7957097800528,124.500258284257,1,60564,1858.4,-74
2012-09-13 16:15:23,35.513491166667,24.0206271,-353.038327863286,571.869393371,672.064479060619,2.82741094203725,121.688727545726,1,60564,1858.4,-68
2013-03-01 10:41:41,35.51396018,24.020482892222,-366.106135766452,624.079957600101,723.539560856203,2.85946228195379,120.397308902397,1,60565,1876.6,-81
2013-03-01 10:40:57,35.5141413675,24.0204685775,-367.403306001313,644.24975010059,741.64879138671,2.87019829332223,119.695284903001,1,60565,1876.6,-82
2013-03-22 17:09:23,35.517296046667,24.02059022,-356.38031650044,995.428634970668,1057.30085468069,3.0241985832737,109.698227847187,2,60565,1876.6,-85
2012-09-19 15:30:05,35.517427204355,24.020589658528,-356.431195921335,1010.02910879913,1071.0751598499,3.02981994736106,109.43752947372,2,60565,1876.6,-86
2012-10-30 18:45:57,35.518457183333,24.0205933,-356.101213327685,1124.68636862969,1179.71500876902,3.07177710470632,107.568968243509,2,60565,1876.6,-75
2012-09-13 16:15:17,35.513221683333,24.020673733333,-348.812512543368,541.870508629946,644.43294222882,2.80917773265117,122.770166239491,1,60564,1858.4,-74
2012-12-05 11:28:01,35.51389115,24.020699033333,-346.519879340458,616.395538000234,707.120559766666,2.84949346468481,119.343444955314,1,60565,1876.6,-61
2012-09-16 15:21:56,35.514211539092,24.020766305933,-340.423776715663,652.06125172205,735.576116897961,2.8666276198757,117.567859792575,1,60565,1876.6,-72
