Timestamp,Latitude,Longitude,RouteID,Serving_BS_Lat,Serving_BS_Lon,PCI,Frequency_MHz,RSRP_dBm,RSRQ_dB,SINR_dB
15-Mar-2026 10:00:00,42.3565080956365,-71.0996758288057,1,42.3601,-71.0942,101,2100,-64.6155733932796,-12.1927244499022,2.62882141278351
15-Mar-2026 10:00:02,42.3565152864098,-71.0995631585525,1,42.3601,-71.0942,101,2100,-60.981580764291,-12.7018797895482,2.82204912376883
15-Mar-2026 10:00:04,42.356515833211,-71.0994874598538,1,42.3601,-71.0942,101,2100,-55.6907896998134,-13.4443375623716,0.796288636246798
15-Mar-2026 10:00:06,42.3565134583219,-71.099372807993,1,42.3601,-71.0942,101,2100,-58.7468854606938,-12.2492752106536,4.63768720694922
15-Mar-2026 10:00:08,42.3564808742056,-71.09931143425,1,42.3601,-71.0942,101,2100,-57.0852985500357,-11.2974088037689,4.66086731537391
15-Mar-2026 10:00:10,42.3565123547091,-71.0991858325519,1,42.3601,-71.0942,101,2100,-55.214556257748,-11.1048190609512,5.6465308789578
15-Mar-2026 10:00:12,42.3564954787555,-71.0990963340573,1,42.3601,-71.0942,101,2100,-52.1690572628653,-13.0070492722027,8.25161635581017
15-Mar-2026 10:00:14,42.3565030997948,-71.0989848310707,1,42.3601,-71.0942,101,2100,-52.7408720249514,-13.8841893907209,1.40880393044378
15-Mar-2026 10:00:16,42.356527641906,-71.0988877705892,1,42.3601,-71.0942,101,2100,-54.9130564594317,-13.3001909967215,6.07413571166148
15-Mar-2026 10:00:18,42.3565105071757,-71.0988046319353,1,42.3601,-71.0942,101,2100,-53.9388109448933,-11.9399765377329,5.59162825328939
15-Mar-2026 10:00:20,42.3564962799466,-71.0987361636265,1,42.3601,-71.0942,101,2100,-53.0433496756405,-13.0380112314956,5.55266291191671
15-Mar-2026 10:00:22,42.3564816413456,-71.0986309356873,1,42.3601,-71.0942,101,2100,-54.8400282955082,-12.4993224708605,9.10457615760233
15-Mar-2026 10:00:24,42.3565020292675,-71.0984781386026,1,42.3601,-71.0942,101,2100,-53.9718912623098,-11.7800830480981,4.53151569711177
15-Mar-2026 10:00:26,42.3564811068997,-71.0984327777867,1,42.3601,-71.0942,101,2100,-52.8659518403662,-10.8685178528457,7.46054953122609
15-Mar-2026 10:00:28,42.3564961512325,-71.0983066344701,1,42.3601,-71.0942,101,2100,-53.6968046408785,-12.6265385152509,7.320254488643
15-Mar-2026 10:00:30,42.3565119285397,-71.0982150831699,1,42.3601,-71.0942,101,2100,-56.0003060323453,-11.6305628574412,8.22213883626566
15-Mar-2026 10:00:32,42.3565026007915,-71.0981069338899,1,42.3601,-71.0942,101,2100,-53.165406548113,-13.1658433397832,6.31331922137378
15-Mar-2026 10:00:34,42.3564867793544,-71.0980405976394,1,42.3601,-71.0942,101,2100,-52.8416032067063,-14.0961778388451,7.23297105781308
15-Mar-2026 10:00:36,42.3564981216671,-71.0979187119026,1,42.3601,-71.0942,101,2100,-58.398607619125,-10.5563910396532,5.97778383302334
15-Mar-2026 10:00:38,42.3565152768955,-71.0978244735668,1,42.3601,-71.0942,101,2100,-56.8471967068305,-11.6426851108423,6.26666799631373
15-Mar-2026 10:00:40,42.3564908110559,-71.0977344517224,1,42.3601,-71.0942,101,2100,-55.365235000172,-12.9501102077591,2.96906797062041
15-Mar-2026 10:00:42,42.3565146360309,-71.097673862599,1,42.3601,-71.0942,101,2100,-59.103292259098,-11.437005668551,11.6197661436344
15-Mar-2026 10:00:44,42.3564975930581,-71.0975182738735,1,42.3601,-71.0942,101,2100,-55.8714688313719,-11.5268224888619,6.06598342844401
15-Mar-2026 10:00:46,42.3565135089677,-71.0974257328689,1,42.3601,-71.0942,101,2100,-60.6813763406499,-12.5204443517836,9.10269185598167
15-Mar-2026 10:00:48,42.3564993341334,-71.0973182009629,1,42.3601,-71.0942,101,2100,-61.5760692537399,-12.086959354606,7.05196536623952
15-Mar-2026 10:00:50,42.3564984139599,-71.0972325935689,1,42.3601,-71.0942,101,2100,-61.4638372523671,-12.1727996323508,7.10098346890061
15-Mar-2026 10:00:52,42.3565159039203,-71.0971565570473,1,42.3601,-71.0942,101,2100,-64.2036688891151,-11.6640789533371,8.21434634327281
15-Mar-2026 10:00:54,42.3565205808179,-71.0970673884969,1,42.3601,-71.0942,101,2100,-66.089561546905,-11.248339914465,5.14710291865025
15-Mar-2026 10:00:56,42.3565248929228,-71.0969413570247,1,42.3601,-71.0942,101,2100,-63.8452557679834,-12.6321072761909,11.7120719691851
15-Mar-2026 10:00:58,42.3564942059172,-71.0968475284419,1,42.3601,-71.0942,101,2100,-63.9596526891402,-12.3516582345074,10.3651029892807
15-Mar-2026 10:01:00,42.3565189458335,-71.0967762867768,1,42.3601,-71.0942,101,2100,-66.2136800461609,-11.4690160345083,12.3764749246357
15-Mar-2026 10:01:02,42.3565092721646,-71.0966454297222,1,42.3601,-71.0942,101,2100,-66.3073511974884,-10.2739354280505,8.85271527147636
15-Mar-2026 10:01:04,42.3565131717033,-71.0965793126335,1,42.3601,-71.0942,101,2100,-66.8090606265713,-11.3104448017198,8.72199278364954
15-Mar-2026 10:01:06,42.3565104201343,-71.0964748569847,1,42.3601,-71.0942,101,2100,-65.5538943985697,-10.758500866518,8.11309837464167
15-Mar-2026 10:01:08,42.3564890748727,-71.096359383041,1,42.3601,-71.0942,101,2100,-69.062425436708,-11.1302345586655,11.6728989029001
15-Mar-2026 10:01:10,42.3565115867648,-71.0962277293278,1,42.3601,-71.0942,101,2100,-67.0703935212835,-11.650135534256,7.08008103457412
15-Mar-2026 10:01:12,42.3564920227865,-71.0961932203749,1,42.3601,-71.0942,101,2100,-70.7970928144369,-10.8991480089619,9.97983126949182
15-Mar-2026 10:01:14,42.3565054465921,-71.0960534376356,1,42.3601,-71.0942,101,2100,-69.1547425526857,-12.3334059276822,8.24022628085191
15-Mar-2026 10:01:16,42.3565257948831,-71.0959660035605,1,42.3601,-71.0942,101,2100,-71.280821138679,-10.8363308449498,6.35989971564095
15-Mar-2026 10:01:18,42.3565002386709,-71.0958709206154,1,42.3601,-71.0942,101,2100,-71.5776442383992,-11.0993646229292,7.00675187180117
15-Mar-2026 10:01:20,42.3565048831718,-71.0957701924513,1,42.3601,-71.0942,101,2100,-69.4980541201906,-11.4435836277583,7.92551492026239
15-Mar-2026 10:01:22,42.3565293373005,-71.0956868482182,1,42.3601,-71.0942,101,2100,-67.3574665739528,-11.2955860490383,9.29588679447571
15-Mar-2026 10:01:24,42.3565075343147,-71.0956081009872,1,42.3601,-71.0942,101,2100,-68.815009774782,-11.4738892878987,11.275574748667
15-Mar-2026 10:01:26,42.3564922172741,-71.0954837312827,1,42.3601,-71.0942,101,2100,-68.5817106755152,-10.5876536254003,4.87496665113067
15-Mar-2026 10:01:28,42.3565129243694,-71.0953614394978,1,42.3601,-71.0942,101,2100,-70.9735112507806,-11.3674101893232,9.15266839891889
15-Mar-2026 10:01:30,42.3565002859676,-71.0952877616905,1,42.3601,-71.0942,101,2100,-69.4810658149174,-11.8821468042329,9.95445480360599
15-Mar-2026 10:01:32,42.3564955211301,-71.0952138897531,1,42.3601,-71.0942,101,2100,-67.5610711484289,-10.068858744268,10.5567967117665
15-Mar-2026 10:01:34,42.3565089884472,-71.0951011247723,1,42.3601,-71.0942,101,2100,-69.0027433520107,-11.5991591100112,8.81359929818215
15-Mar-2026 10:01:36,42.3565208120265,-71.0950084369983,1,42.3601,-71.0942,101,2100,-66.631226724638,-12.6768576150341,10.458730729131
15-Mar-2026 10:01:38,42.3565030188895,-71.0949104316304,1,42.3601,-71.0942,101,2100,-68.0562674469122,-11.8411054866799,11.2902825121799
15-Mar-2026 10:01:40,42.3565065259815,-71.094816514967,1,42.3601,-71.0942,101,2100,-65.2918278164032,-10.0978221722172,12.7203355699953
15-Mar-2026 10:01:42,42.3564908910342,-71.0946988428114,1,42.3601,-71.0942,101,2100,-66.4450810259949,-10.6995976576036,10.1123596435127
15-Mar-2026 10:01:44,42.3564772456103,-71.0946404182333,1,42.3601,-71.0942,101,2100,-66.4051038699548,-11.8698846874725,11.5330411030818
15-Mar-2026 10:01:46,42.3565174844295,-71.0944885918325,1,42.3601,-71.0942,101,2100,-63.2546118244554,-9.99085835625809,8.34480013557326
15-Mar-2026 10:01:48,42.3564965250492,-71.0944065201479,1,42.3601,-71.0942,101,2100,-66.9021494004849,-10.8923101104351,8.89259244134295
15-Mar-2026 10:01:50,42.3564437029344,-71.0943174406133,1,42.3601,-71.0942,101,2100,-64.0698528697287,-11.1010914684778,7.60206552346748
15-Mar-2026 10:01:52,42.3564946161553,-71.0942027803605,1,42.3601,-71.0942,101,2100,-60.8813224387535,-10.674578790806,13.1079938144421
15-Mar-2026 10:01:54,42.3564942056546,-71.0941137538263,1,42.3601,-71.0942,101,2100,-62.5977647795274,-10.2387004890913,8.73414639161484
15-Mar-2026 10:01:56,42.3565118630841,-71.0940369466318,1,42.3601,-71.0942,101,2100,-62.0934087128782,-11.4840307387994,10.5415405767117
15-Mar-2026 10:01:58,42.3565013395836,-71.0939428900566,1,42.3601,-71.0942,101,2100,-58.3201964483666,-11.3887579058621,11.4264792782273
15-Mar-2026 10:02:00,42.3565047673963,-71.0938413274456,1,42.3601,-71.0942,101,2100,-59.7021288880014,-9.71020544419424,8.61263216676587
15-Mar-2026 10:02:02,42.356500662962,-71.0937494743054,1,42.3601,-71.0942,101,2100,-60.0558065678928,-11.0066708541933,12.4564520381123
15-Mar-2026 10:02:04,42.3564778139175,-71.0935990284193,1,42.3601,-71.0942,101,2100,-57.3844419703965,-11.2244520260546,11.4683148930401
15-Mar-2026 10:02:06,42.3565132029324,-71.0935326082229,1,42.3601,-71.0942,101,2100,-55.3932341170752,-11.0693257628126,7.89494480468767
15-Mar-2026 10:02:08,42.3565321365001,-71.0934713854498,1,42.3601,-71.0942,101,2100,-60.1959867148991,-12.1255676152354,10.4285912502853
15-Mar-2026 10:02:10,42.3565115152842,-71.0933493419674,1,42.3601,-71.0942,101,2100,-56.5615334286221,-11.249001189658,7.07231976649038
15-Mar-2026 10:02:12,42.3564774535728,-71.0932251783381,1,42.3601,-71.0942,101,2100,-58.1296769892534,-10.6371248298557,12.4290843402358
15-Mar-2026 10:02:14,42.3565180492641,-71.0931491487782,1,42.3601,-71.0942,101,2100,-57.4990397940781,-11.3119929089359,9.62328920974096
15-Mar-2026 10:02:16,42.3565003646362,-71.0930896300362,1,42.3601,-71.0942,101,2100,-58.2026195077924,-11.3735966866949,8.84837621821004
15-Mar-2026 10:02:18,42.356470814369,-71.0929467249217,1,42.3601,-71.0942,101,2100,-58.7385610051675,-10.7600064400287,8.86308642472521
15-Mar-2026 10:02:20,42.3564989685893,-71.0928274208816,1,42.3601,-71.0942,101,2100,-55.3845399909616,-12.7013942323089,12.8424779247314
15-Mar-2026 10:02:22,42.356514507673,-71.092720479111,1,42.3601,-71.0942,101,2100,-61.9083599062728,-10.4408550012341,10.5347700152729
15-Mar-2026 10:02:24,42.3564901109999,-71.0926674472475,1,42.3601,-71.0942,101,2100,-55.6647836809571,-12.373549251977,12.9119400311224
15-Mar-2026 10:02:26,42.3565033664799,-71.0925777083928,1,42.3601,-71.0942,101,2100,-57.8777991233439,-10.4135309319131,7.597715283665
15-Mar-2026 10:02:28,42.3564856211842,-71.0924360124804,1,42.3601,-71.0942,101,2100,-56.7447037137806,-9.78151175485171,9.68042125910658
15-Mar-2026 10:02:30,42.3564946648697,-71.0924020888187,1,42.3601,-71.0942,101,2100,-57.5952382147608,-12.5683006642667,14.2218206984917
15-Mar-2026 10:02:32,42.3564945827249,-71.0922730469381,1,42.3601,-71.0942,101,2100,-58.1243899413349,-10.7371078024105,10.7973285574033
15-Mar-2026 10:02:34,42.3565099265407,-71.0921699589228,1,42.3601,-71.0942,101,2100,-59.4413304608047,-11.5962653123858,6.91140219692308
15-Mar-2026 10:02:36,42.3565015654795,-71.0921000395879,1,42.3601,-71.0942,101,2100,-58.8495145336412,-11.9510060408789,9.34303600036138
15-Mar-2026 10:02:38,42.356483994485,-71.0919698468191,1,42.3601,-71.0942,101,2100,-59.0412987840169,-10.6563966264431,11.6224941924426
15-Mar-2026 10:02:40,42.3564979376461,-71.0919154496308,1,42.3601,-71.0942,101,2100,-60.3880242310312,-11.648108287602,7.59628943208002
15-Mar-2026 10:02:42,42.3565160733948,-71.0917626631469,1,42.3601,-71.0942,101,2100,-61.9461468344532,-11.9900116860246,9.83015436815315
15-Mar-2026 10:02:44,42.3564940407076,-71.0916979585462,1,42.3601,-71.0942,101,2100,-61.6053325333648,-11.7272986160645,11.2461425619701
15-Mar-2026 10:02:46,42.3564981211593,-71.0916328059379,1,42.3601,-71.0942,101,2100,-64.5110007117621,-11.5583484770776,9.91539402898672
15-Mar-2026 10:02:48,42.3565237709826,-71.0914787846041,1,42.3601,-71.0942,101,2100,-63.5799247919251,-11.583961939812,9.78116141895926
15-Mar-2026 10:02:50,42.3564900223218,-71.0913837871326,1,42.3601,-71.0942,101,2100,-62.4513109014008,-11.084613248379,5.1505208722941
15-Mar-2026 10:02:52,42.3565007582886,-71.0912887684203,1,42.3601,-71.0942,101,2100,-63.7346002781833,-10.6977788759229,7.41908701252139
15-Mar-2026 10:02:54,42.3565340147938,-71.0911988163171,1,42.3601,-71.0942,101,2100,-65.293578913601,-12.8431490070307,6.55495368245141
15-Mar-2026 10:02:56,42.3565133772306,-71.0910993465834,1,42.3601,-71.0942,101,2100,-62.989125074864,-11.4205744205256,9.12446857510679
15-Mar-2026 10:02:58,42.3564974520277,-71.0910379163055,1,42.3601,-71.0942,101,2100,-64.767374033047,-11.8908772108827,8.77239260055346
15-Mar-2026 10:03:00,42.3565229847704,-71.0909326898229,1,42.3601,-71.0942,101,2100,-64.0585906778443,-12.2088909110534,11.063131595733
15-Mar-2026 10:03:02,42.356486648999,-71.0908393055043,1,42.3601,-71.0942,101,2100,-62.5748278871931,-12.2372366351617,8.68003250837613
15-Mar-2026 10:03:04,42.3565065365966,-71.0907400207098,1,42.3601,-71.0942,101,2100,-66.9228274232236,-12.205248318085,5.30831173352675
15-Mar-2026 10:03:06,42.3564979681376,-71.0906582746127,1,42.3601,-71.0942,101,2100,-63.3725750177981,-10.9146318553046,11.2082849224156
15-Mar-2026 10:03:08,42.35649724683,-71.0905434236363,1,42.3601,-71.0942,101,2100,-66.0739164428098,-12.8042104531362,9.66577493890522
15-Mar-2026 10:03:10,42.3564929940996,-71.0904532157206,1,42.3601,-71.0942,101,2100,-65.8453314972642,-10.6734075604489,5.26940631207832
15-Mar-2026 10:03:12,42.3564919504271,-71.0903082704417,1,42.3601,-71.0942,101,2100,-65.5825350704899,-13.091603664958,7.09367620835474
15-Mar-2026 10:03:14,42.3565038139353,-71.0902405857377,1,42.3601,-71.0942,101,2100,-65.1405047811106,-10.7870870290731,7.49865655625051
15-Mar-2026 10:03:16,42.3564957204278,-71.0901562978522,1,42.3601,-71.0942,101,2100,-67.0058521266746,-10.5460557366368,7.77903024215542
15-Mar-2026 10:03:18,42.356498281313,-71.0900332561252,1,42.3601,-71.0942,101,2100,-66.9792726036083,-12.4317917476948,6.1719998701275
