X,Y,Distance,LogDist,Azimuth,RSRP
370,830,355.682957019364,2.55106305593705,111.501434324048,21.8902095843611
960,10,673.086303981862,2.8280707535851,-46.8087393224921,-3.61545796475886
730,920,479.852795752515,2.68110802946458,61.2940474565989,2.22771217109652
600,450,112.803398874989,2.05232218555525,-26.565051177078,39.6743960095405
150,750,431.116263352131,2.63459440640959,144.462322208026,-0.685367496752619
1000,960,680.411510058521,2.8327716516669,42.6140559696112,0.806564586047942
50,870,583.58046654518,2.76610074687184,140.572197803964,-4.46207351216395
870,420,379.549864614954,2.5792688408494,-12.2004687273808,6.01627538354665
600,670,198.23082923316,2.29717119770047,59.5344550805401,6.54280167550512
710,450,216.870331449229,2.33620014321201,-13.3924977537511,20.0558767798599
20,70,645.437739428721,2.80985435546898,-138.144957464698,3.6567251152394
970,860,593.030404624627,2.77307696018078,37.4505782317367,-1.81354763180263
830,980,583.494635168428,2.76603686736089,55.4914770123316,-11.5912768630106
210,420,301.832179129826,2.47976553919544,-164.577838681261,12.9195615469042
180,340,358.770876399966,2.55481718149541,-153.434948822922,7.96434917857744
180,500,321,2.50650503240487,180,21.5175895962311
300,680,270.072480941474,2.4314803339685,138.012787504183,11.4968922219281
520,920,421.475920832573,2.62477276817012,87.2736890060937,10.8880672437055
430,550,87.0232526704263,1.93963531189645,144.462322208026,25.7068908950015
290,360,253.388589282479,2.40378705362858,-146.30993247402,9.23971262818921
610,680,211.95023109729,2.32623389443207,58.5704343851615,4.46147871517229
140,60,569.506816142076,2.75549892629954,-129.2894068625,5.53388744712794
290,440,219.403296678416,2.34124314884712,-164.054604099077,5.74206037955372
360,920,443.718872423573,2.64710790069112,108.434948822922,2.63269677261638
450,960,463.709412050371,2.66624591099189,96.2034479016918,-3.1461175154314
790,100,495.064773081425,2.69466202469415,-54.0578881286177,0.289678702102814
200,110,493.036584005702,2.69287914573225,-127.568592028827,-0.375884115273017
510,800,301.166620396073,2.47880683545322,88.0908475670036,10.9841033975112
590,670,193.353840616713,2.28635280295204,62.1027289690524,5.2791345204569
40,680,494.963561409139,2.69457322790036,158.629377730657,-3.45904267036786
610,180,339.378486313773,2.53068430830767,-71.0295921915135,1.40519450313637
170,170,467.690475583121,2.66995852568398,-135,0.754544799259527
60,550,443.831796509691,2.64721841225841,173.516926307103,17.0710345495945
950,530,451.998891351187,2.6551373695887,3.81407483429035,-2.93150548494367
970,200,558.584074378026,2.74708854950258,-32.5500034921934,2.46970170226726
810,370,337.154726279432,2.52782925205267,-22.7509763427876,10.747562098838
300,660,257.124969497314,2.41014425318251,141.34019174591,12.8994169151791
90,830,527.307894677631,2.72206427349203,141.17017509503,-11.1834499018382
680,850,394.573373083089,2.59612777449636,62.7838884426925,7.28051122394717
440,280,229.035085019828,2.35990201536776,-105.255118703058,16.1772477636257
120,280,440.089968002003,2.64354146878783,-149.931417178138,-4.07539732139792
490,810,311.161248385416,2.49298550521899,91.8476102659946,12.4209009699049
30,460,472.69905660283,2.67458473555319,-175.135485562239,7.09664048349642
910,450,414.037528561268,2.61703970756631,-6.95295746817392,3.7079245427241
260,20,537.656314599949,2.73050475081797,-116.565051177078,-4.69942639646947
660,620,201,2.30319605742049,36.869897645844,13.8238235287321
310,340,249.394846967484,2.39688747577963,-139.899092453788,11.9546858982654
520,280,221.907220343745,2.34617143339213,-84.8055710922652,6.3985122038351
540,960,462.735855224608,2.66533315224009,85.0302592718897,11.7861254217741
180,580,330.848450049413,2.5196291044124,165.963756532074,17.0134089297307
970,450,473.652091923859,2.67545945974315,-6.0724564072077,-1.77844024327168
770,900,483.597140480546,2.68448372420447,55.9806500101735,3.10582400196928
940,400,452.220566907139,2.65535031009064,-12.8042660652867,7.94242005049609
890,910,566.862174031804,2.75347747805757,46.4320961841646,-9.21323672190106
600,60,452.220566907139,2.65535031009064,-77.1957339347132,15.1183045790951
920,610,435.165866921848,2.63865482329664,14.67639313745,7.89271020032793
80,890,574.149195236284,2.75902476042676,137.121096396661,-2.57019823644017
190,690,364.593179253957,2.56180853968901,148.495733280796,1.35766095715241
40,540,462.735855224608,2.66533315224009,175.03025927189,9.20751230571405
320,670,248.588368062799,2.39548080329063,136.636577041617,15.2302712216417
390,20,493.442890089805,2.6932368957005,-102.907408671266,-11.083517304658
270,240,348.131099154196,2.54174282129571,-131.496468355216,13.2873569571464
830,190,453.769256906871,2.65683506887818,-43.2100893917539,14.444336848375
350,810,345.383507154451,2.5383015951804,115.820991974189,21.8496639961229
280,190,381.131556174964,2.58107490811432,-125.362461887069,18.1271958832659
540,460,57.5685424949238,1.76018523424192,-45,42.8301613693287
140,140,510.116882454314,2.70766969686077,-135,-4.84614909507439
800,490,301.166620396073,2.47880683545322,-1.90915243299638,3.89532167623364
70,480,431.464865000618,2.63494543607065,-177.336999233933,17.7704866904659
990,0,701.071424927486,2.84576226600046,-45.5787255656078,3.25464841495976
770,460,273.946881279124,2.43766636061677,-8.42696902148067,3.95426831408419
190,930,531.094331227943,2.72517166588993,125.788973459183,0.0269001048994526
0,550,503.493781056044,2.70199411069952,174.2894068625,-2.99583537179612
810,770,412.096095821889,2.61499850005955,41.0548137709624,22.4469994936026
700,880,430.418211071678,2.63389063812446,62.24145939894,13.2478352250042
730,80,479.852795752515,2.68110802946458,-61.2940474565989,9.18376541955356
770,320,325.499614791759,2.51255047894442,-33.6900675259798,12.199884689134
70,420,438.378554572581,2.6418493003609,-169.460816271372,15.4822761505582
350,930,456.411901469428,2.65935696062591,109.230672375661,-2.28236577912751
110,610,406.215991787096,2.60875701657785,164.248826336547,14.8595252862678
860,490,361.138862107382,2.55767422531594,-1.59114027119459,1.03206993697413
620,450,131,2.11727129565576,-22.6198649480404,33.9742536184909
330,150,390.101529166874,2.59117765271485,-115.906507999514,13.9588577677377
60,370,459.802789878178,2.6625716020464,-163.53998518796,3.19926031890495
310,150,399.246155034798,2.60124074233034,-118.495638618245,14.4762157591719
320,570,194.13207915828,2.28809730586898,158.749494492867,3.58654872239267
730,60,497.487663492256,2.69678231574774,-62.4027041313563,4.52872419735337
630,850,374.363094051889,2.57329302799439,69.6235647861636,8.03477320627789
880,840,510.901951359278,2.70833756144709,41.8201698801358,9.60484198133752
470,280,223.036033111745,2.34837503218459,-97.7651660184253,16.8764582037084
110,980,619.465843842649,2.79201736520828,129.093858886229,12.1110429188006
710,390,238.065391822594,2.37669626548926,-27.6459753637387,7.79127337627659
760,140,445.07206622349,2.64843033778805,-54.1623470457217,8.19153852722715
560,170,336.410196624968,2.52686915083231,-79.695153531234,7.48802450645151
770,150,443.040722106007,2.64644364625271,-52.3523793598924,7.79889718433303
490,410,91.5538513813742,1.96167661841922,-96.3401917459099,33.7140148232922
520,300,201.997512422418,2.30534602118984,-84.2894068625004,9.04256406737572
420,770,282.602556806574,2.45117608674808,106.504361381755,20.5660874838383
20,540,482.663783151692,2.68364471260062,175.236358309274,5.59964488824672
100,790,495.064773081425,2.69466202469415,144.057888128618,-11.4426957252451
30,140,593.030404624627,2.77307696018078,-142.549421768263,1.62766733647443
630,640,192.049731745428,2.2834137048802,47.1210963966615,13.7111559836765
310,430,203.484567313166,2.30853147702617,-159.775140568832,5.17553048529338
500,850,351,2.54530711646582,90,15.3636912075722
900,730,462.410879802373,2.66502804380034,29.8989018386146,18.869512014098
240,920,494.963561409139,2.69457322790036,121.759480084813,4.37307013891099
410,10,499.196748283246,2.69827174773358,-100.40771131249,-10.9455184598717
750,510,251.199920063936,2.40001949686533,2.29061004263853,8.34084282505558
220,870,465.004310324807,2.66745697857082,127.11686068327,2.35799169897065
70,690,471.106370941726,2.67311897739919,156.161259816828,-4.39006195654449
280,950,501.899191454728,2.70061649604661,116.053495310491,-3.1033571013239
160,100,525.976189936267,2.72096608481279,-130.364536573097,2.51651884105861
920,870,560.732078766261,2.74875540224199,41.3785152958827,-3.02669398453655
800,720,373.021504754765,2.57173386968299,36.2538377374448,18.2342729054611
630,260,273.946881279124,2.43766636061677,-61.5570713756367,-4.02345354258628
870,20,607.05280298007,2.78322646874495,-52.3737663613302,-13.3490605575736
800,250,391.512483795333,2.59274561455996,-39.8055710922652,21.2519949105093
180,630,346.398320783411,2.53957577804431,157.890551656248,10.2986848021098
890,100,559.659108938537,2.74792357667428,-45.7252242990592,-9.51507226630047
530,840,342.32096331752,2.53443349561567,84.9575489308291,6.44742449428216
800,590,314.209195267316,2.4972188904284,16.6992442339936,9.42578265901418
890,430,397.232255123179,2.59904450581847,-10.1755108430432,1.6054516078632
310,740,307.104557300279,2.48728626123525,128.367485384862,19.6943739628007
100,990,633.534584034739,2.80177032757856,129.225674097337,13.6388657850822
220,740,369.781778291716,2.56794550665459,139.398705354996,8.61147751162675
420,610,137.014705087354,2.13676718026279,126.027373385104,22.9045427540829
810,600,326.729949498047,2.51418894563425,17.8786965958413,10.6936418590537
850,850,495.974746830583,2.6954595644109,45,5.06671890826904
0,700,539.51648071345,2.73200471569842,158.198590513648,-4.58409787328728
500,940,441,2.64443858946784,90,7.3222137211202
410,620,151,2.17897694729317,126.869897645844,22.0885782954815
220,140,457.070170039655,2.65998287867304,-127.874983651098,8.58984276108676
110,950,596.482997238376,2.77559806860855,130.914383220025,8.77084899909126
330,660,234.452350598575,2.37005459129484,136.735704588928,13.8974688144031
930,990,652.920240520265,2.8148601319373,48.7313969991604,-7.29145136542253
320,210,342.32096331752,2.53443349561567,-121.827446576673,19.7986676332884
510,700,201.249843945008,2.30373555227544,87.1375947738883,14.6934964278039
700,50,493.442890089805,2.6932368957005,-66.0375110254218,8.20308205252548
360,230,305.138126514911,2.48449647542524,-117.407575437818,22.2271900543456
960,820,561.357029044876,2.74923916504415,34.8244891569568,1.59400582824632
950,880,589.982172905089,2.77083888905584,40.1792339219073,-4.77178555473683
250,70,498.393204617836,2.6975721122685,-120.173520029644,-2.4818435562432
490,520,23.3606797749979,1.36848547620728,116.565051177078,49.1870037388222
290,970,515.78150704935,2.71246576678525,114.075498255079,-8.20133444220113
280,360,261.768096208106,2.41791671446422,-147.528807709152,9.78635905469008
30,670,500.799959983992,2.69966428550043,160.114834886145,-2.62465509757926
600,690,215.709105535839,2.33386847797461,62.24145939894,0.361796254423407
500,30,471,2.6730209071289,-90,3.26735924468281
50,120,589.982172905089,2.77083888905584,-139.820766078093,-3.3996647709642
270,730,326.269119345812,2.51357597071596,135,16.0990272981562
900,380,418.612260356422,2.62181194384778,-16.6992442339936,9.87935792493797
230,840,435.165866921848,2.63865482329664,128.453709216706,8.77497806024707
140,420,369.781778291716,2.56794550665459,-167.471192290848,20.5423244369184
480,700,201.997512422418,2.30534602118984,95.7105931374996,16.9345128285454
980,40,665.830805543786,2.8233638844947,-43.7811247648687,1.40749124641135
240,70,503.493781056044,2.70199411069952,-121.159304508344,2.72254341433464
660,850,385.837628097877,2.58640457913576,65.4328286793987,7.71124556014413
750,740,347.554469023269,2.54102287724982,43.8308606720926,9.42460441729972
230,630,300.666481275434,2.47808501503598,154.290046219189,8.72645007504186
720,400,242.660919471891,2.3849998388604,-24.4439547804165,10.7398459418702
360,560,153.315462117278,2.18558595637809,156.801409486352,7.26571259272365
620,860,380.473319220205,2.58032420717306,71.565051177078,10.2150130985021
620,980,495.772675074119,2.6952825865876,75.9637565320735,14.7425453331413
530,250,252.793566240283,2.40276601667562,-83.1572265873691,2.28275412483632
80,980,638.808748764079,2.80537085535928,131.18592516571,14.2929563985717
830,0,600.082632030006,2.7782110573232,-56.5751888173962,-15.1180360046688
310,880,425.85291572496,2.6292596251143,116.565051177078,8.93056958584916
180,530,322.403173599764,2.50839930816432,174.644174957145,22.5772065246339
40,50,644.506021727847,2.80922697939456,-135.62959860841,7.58287173139121
580,690,207.155281280883,2.31629600981345,67.1663458220825,4.60985325614726
670,290,271.185121722126,2.43326585875243,-51.0090059574945,-2.97151985259258
10,650,513.445119012758,2.71049402965933,162.97947438848,-2.05905555237441
990,980,686.930025585701,2.83691249972364,44.4093427853533,3.13773702772388
220,490,281.178514522438,2.4489821322054,-177.954591511113,13.5152764423576
640,50,472.274866717927,2.67419483413026,-72.7185016281834,16.0773459160248
170,310,381.788655293195,2.58182301935161,-150.068488159492,4.17085313879096
680,580,197.977156035922,2.29661508127214,23.9624889745782,15.9467973219565
380,380,170.705627484771,2.23224783831039,-135,21.5699556813734
920,960,623.896460095898,2.79511252150922,47.6025622024998,-12.9352013861105
130,650,400.249295553543,2.60233057622537,157.93210043759,12.3499066483251
330,840,381.131556174964,2.58107490811432,116.565051177078,18.8667029859462
110,260,458.930125674212,2.66174656714039,-148.392497753751,-7.88289174895511
910,730,471.106370941726,2.67311897739919,29.2913621709843,17.6306202705708
990,860,609.02960454241,2.78463840392502,36.3044971225752,2.22124649069973
250,580,263.488094968134,2.42076099751271,162.255328374943,9.61951456461781
650,450,159.113883008419,2.20170807437258,-18.434948822922,33.004491084821
810,30,564.02753041037,2.75130030258885,-56.5921754102911,-10.8518329714773
550,40,463.709412050371,2.66624591099189,-83.7965520983082,13.9749947976246
520,510,23.3606797749979,1.36848547620728,26.565051177078,57.5617659604455
230,980,551.726792520575,2.74172407433532,119.357753542791,-2.28046983917631
90,230,491.917508345343,2.69189228025897,-146.63363399894,-10.5312903519688
880,930,574.846669416143,2.75955201946068,48.5322945838909,-13.5112522981363
890,230,475.341649025257,2.6770058684698,-34.695153531234,16.5855899100379
620,740,269.328157299975,2.43028175972698,63.434948822922,-4.37737947886005
330,590,193.353840616713,2.28635280295204,152.102728969052,14.1522905390989
340,600,189.679622641132,2.27802067696213,147.994616791917,7.9238484437971
710,920,470.574275274956,2.67262818205908,63.434948822922,8.75078641070571
880,860,524.450093132096,2.71970416686976,43.451842301022,3.19561615765876
870,860,517.236379965612,2.71368906350663,44.2151753970081,0.654235221970749
770,230,382.837661840736,2.58301465513681,-45,17.7106989731698
630,570,148.648230602334,2.17215974405413,28.3007557660064,30.8959052216595
80,330,454.100430368368,2.65715191349867,-157.963773059855,1.99691227718419
160,0,605.648658313239,2.78222075947093,-124.215702132437,13.6314988241924
880,950,589.982172905089,2.77083888905584,49.8207660780927,-9.98796610311074
600,20,491.306026885251,2.69135209168816,-78.2317110679794,14.3447911700386
0,910,647.606526413088,2.8113112168122,140.648247373735,3.25510790016565
100,40,610.590026165127,2.78574970592919,-131.00908690157,12.4258095736752
650,660,220.317121994613,2.34304824975552,46.8476102659946,3.69512379709328
0,500,501,2.69983772586725,180,2.64759342444458
150,910,540.073278877742,2.7324526902917,130.486011541999,-1.16885801930595
540,280,224.606797749979,2.35142289609565,-79.695153531234,4.06751329818508
680,440,190.736659610103,2.280434172523,-18.434948822922,20.2943603141103
640,480,142.42135623731,2.15357511711399,-8.13010235415598,34.8717442561558
220,180,426.205832509386,2.62961938861917,-131.18592516571,3.815065490889
700,420,216.40659228538,2.33527048633082,-21.8014094863518,15.942685834065
230,460,273.946881279124,2.43766636061677,-171.573030978519,10.5512816931858
320,170,376.89892258425,2.57622489596278,-118.610459665965,20.3422321980535
730,790,371.135110466435,2.56953204181993,51.581944655178,7.29234695026828
640,210,323.024843762092,2.50923592509849,-64.2306723756613,-2.26403040981116
830,930,543.033209314706,2.73482638977505,52.4958576397298,-9.70483180978062
640,990,510.607692249636,2.70808735311689,74.0546040990772,14.870829815764
560,150,356.105618091294,2.55157882536423,-80.2724214485984,9.16940486609743
90,250,481.208288141719,2.68233309884905,-148.626994859892,-8.65428678038573
360,330,221.227155455452,2.34483843520322,-129.472459848344,19.3836885732931
260,190,393.045915678253,2.59444328768052,-127.746805387275,15.4466729690787
240,100,478.074417675063,2.67949550470853,-123.023867555797,3.00816762830277
960,90,617.198020120156,2.79042452424096,-41.7107573215082,-6.20462969461414
380,820,342.760149812701,2.53499032397908,110.556045219583,26.6465239981624
880,80,567.392090340252,2.75388327727315,-47.8624052261117,-10.9674215126192
620,310,225.722050542442,2.35357398690734,-57.7243556854224,3.30853341267044
780,470,282.602556806574,2.45117608674808,-6.11550356628541,5.14262435944876
490,620,121.415945787923,2.08427572720824,94.7636416907262,28.5804276035777
560,950,454.982378512647,2.65799457673861,82.4053566314086,14.0681972786878
480,610,112.803398874989,2.05232218555525,100.304846468766,28.8889020110836
190,260,393.045915678253,2.59444328768052,-142.253194612725,4.46705928417977
710,280,305.138126514911,2.48449647542524,-46.3322198538696,4.58534577850963
270,700,305.795013082563,2.48543039864208,138.99091309843,14.8487185921572
20,400,491.306026885251,2.69135209168816,-168.231711067979,3.50288178946849
630,670,215.009345590327,2.33245733735793,52.5946433685914,3.15820759362601
170,470,332.360830515618,2.52160983552939,-174.805571092265,22.3700846189974
920,750,489.773976393997,2.68999570563815,30.7627195342389,15.9657122712442
940,70,616.223536610881,2.78973828214226,-44.3414568224364,-7.2733071862342
900,210,495.064773081425,2.69466202469415,-35.9421118713823,12.4491516135202
360,500,141,2.14921911265538,180,8.48083401242208
10,520,491.407993409569,2.69144221658328,177.662694140876,2.06588369121445
910,510,411.121933088198,2.61397064672704,1.39718102729638,-2.27241312757038
420,200,311.4834939252,2.49343503755334,-104.931417178138,18.1048568848959
950,270,506.371150739731,2.7044689548461,-27.0720802379928,4.06716555346688
940,960,637.553218513582,2.8045164425054,46.2730300200567,-6.09268897306468
840,50,565.003546088143,2.75205117355693,-52.9269266826896,-14.1264651765323
290,10,534.104117410474,2.72762592595969,-113.198590513648,-8.67564225216676
370,940,459.802789878178,2.6625716020464,106.46001481204,-5.98725261625989
830,840,474.814309619285,2.67652379894104,45.8550973962667,13.1211049705554
310,210,347.698716467194,2.5412030874844,-123.231711067979,22.1382068875146
160,690,390.486841883009,2.59160640417009,150.802513953936,2.06060987301897
540,830,333.415402771893,2.52298565903225,83.0887728809753,7.34168838925844
920,180,529.015151297763,2.7234681106567,-37.3039482779834,8.63527239731603
680,530,183.482875908947,2.2635955386411,9.46232220802562,28.5262710169774
560,120,385.707681233427,2.58625828777471,-81.0273733851036,13.915391273949
90,570,416.932686861708,2.62006594445994,170.311213439633,21.6359664181373
600,530,105.403065089105,2.02285324021173,16.6992442339936,41.3225082899335
970,440,474.814309619285,2.67652379894104,-7.27500495788926,1.11808088382022
130,790,471.106370941726,2.67311897739919,141.911227119025,-4.19528901574239
510,0,501.099990002,2.69992439407739,-88.8542371618249,2.35303079887727
860,320,403.492235949962,2.60583518238763,-26.565051177078,22.5830644042638
720,880,440.089968002003,2.64354146878783,59.9314171781376,9.29336678986497
680,560,190.736659610103,2.280434172523,18.434948822922,21.8326678094169
690,90,452.8849411078,2.65598788018281,-65.1363034282481,10.2404887760794
350,350,213.132034355964,2.32864873032632,-135,14.5578620458334
280,870,431.464865000618,2.63494543607065,120.73548770192,7.62251873245529
790,580,301.832179129826,2.47976553919544,15.4221613187387,8.46006845155592
790,650,327.49655434629,2.51520673505676,27.3498757800699,12.0143246351079
850,240,437.004587131833,2.64048599567886,-36.6070748126075,19.7166674868625
890,770,475.341649025257,2.6770058684698,34.695153531234,19.487296390913
500,260,241,2.38201704257487,-90,11.0250052248209
490,290,211.237960416286,2.32477196555652,-92.7263109939063,15.5343569657113
780,450,285.429253066558,2.45549848102227,-10.1246716553978,7.95606093907266
630,870,393.173431022552,2.59458416238961,70.6410058243053,10.3487797662854
680,970,504.289181286465,2.70267965116927,69.0442232693678,9.61872929134696
780,170,433.781700167648,2.63727122659969,-49.6858998395027,13.7917735862132
1000,930,660.469483751902,2.81985275632704,40.695531039492,5.72243531412227
330,190,354.553390593274,2.54968164288756,-118.739795291688,18.4510223665192
360,890,415.366987102013,2.61843197633685,109.746836605426,11.8628058090036
990,110,627.258732474047,2.79744671612279,-38.5169263071028,-1.74156842638127
560,780,287.356421265527,2.45842090632104,77.9052429229879,-1.95536707241123
30,530,471.956473572665,2.67390194745005,176.347777219694,9.54086189371533
450,710,216.870331449229,2.33620014321201,103.392497753751,18.4250177242765
530,260,242.867732448957,2.3853698180153,-82.8749836510982,4.32537564603686
280,120,440.089968002003,2.64354146878783,-120.068582821862,6.72436896055051
570,990,495.974746830583,2.6954595644109,81.869897645844,13.2594512870308
20,1000,694.108938046538,2.841427636852,133.830860672093,7.49956181848247
990,560,494.659801887899,2.69430661922289,6.98105740682979,-2.66445226858875
800,710,367.196668472011,2.56489873224929,34.9920201985587,20.8493792435807
350,330,227.715680975093,2.35739293806559,-131.423665625003,20.381509260366
120,460,383.099463490856,2.58331154377863,-173.990994042505,26.3245518570915
510,220,281.178514522438,2.4489821322054,-87.9545915111128,8.67517041802428
990,940,659.559033041078,2.81925367262934,41.9225446005756,3.11539614487894
210,160,447.878059430087,2.65115978782572,-130.462227492093,5.66913279202072
610,70,444.846820423443,2.64821049076246,-75.6506679570529,15.6102168141371
80,370,440.658958739612,2.64410260389562,-162.801458779934,7.76456363666227
50,60,630.364759102383,2.79959192568204,-135.643745714175,6.68807694274455
520,80,421.475920832573,2.62477276817012,-87.2736890060937,11.3569408126813
520,990,491.407993409569,2.69144221658328,87.6626941408762,5.22089832456426
620,470,124.69316876853,2.09584266159886,-14.0362434679265,40.1809018051534
710,150,409.166632639171,2.61190020995814,-59.0362434679265,5.83478127314615
950,620,466.725240887801,2.66906128852576,14.9314171781376,3.70295075888692
500,580,81,1.90848501887865,90,37.349284413084
310,640,237.008474424119,2.37476387482797,143.615648184164,4.70209494047961
770,890,475.341649025257,2.6770058684698,55.304846468766,4.57357919458556
260,530,242.867732448957,2.3853698180153,172.874983651098,6.8427119825079
420,990,497.487663492256,2.69678231574774,99.2726017772003,-10.9494435396617
70,680,467.154480832267,2.66946051885079,157.285587646833,-0.256788756979155
20,480,481.416485978573,2.68252095849183,-177.614055969611,8.50465355241048
940,240,512.077293567226,2.70933551885902,-30.579226872489,8.27719054432337
810,840,461.108682813094,2.66380330019015,47.6425452940647,11.5952899157816
680,120,421.475920832573,2.62477276817012,-64.6538240580533,12.7333565717271
400,20,491.306026885251,2.69135209168816,-101.768288932021,-12.8676339427993
160,960,573.013985843004,2.75816522214246,126.469234390052,9.47450893616802
150,310,399.246155034798,2.60124074233034,-151.504361381755,5.70064682306969
240,480,261.768096208106,2.41791671446422,-175.601294645004,10.4954564429092
530,730,232.948270094864,2.36725948966707,82.5685920288275,5.52077537552919
690,910,452.8849411078,2.65598788018281,65.1363034282481,12.4065187263252
640,580,162.245154965971,2.21017173657896,29.7448812969422,28.2182906885446
270,380,260.422435421457,2.41567839602527,-152.447188423282,9.16248717916254
930,380,447.430285710994,2.6507253773288,-15.5928109392663,9.72313187363351
720,150,414.400532171888,2.61742030445717,-57.8477048587177,10.8148910511827
540,200,303.654919008431,2.48238032079833,-82.4053566314086,5.56531320046388
590,810,323.800247831379,2.51027717681933,73.8107937429731,2.66682151320935
990,950,666.281895139196,2.82365801235568,42.5633517531899,-1.11744043571159
240,210,390.486841883009,2.59160640417009,-131.877869537884,15.7434243190151
340,790,332.209903233584,2.52141257470054,118.886581766911,25.1437857196204
740,50,511,2.70842090013471,-61.927513064147,-2.83349254325229
10,410,499.196748283246,2.69827174773358,-169.59228868751,1.77655911964587
110,340,422.54477816716,2.62587273903826,-157.693794945092,2.19445208318088
40,490,461.108682813094,2.66380330019015,-178.754635733232,12.26856257119
30,980,672.788657242737,2.82787866094322,134.396908805619,11.414990441488
830,560,336.410196624968,2.52686915083231,10.304846468766,6.02089680958099
680,720,285.253408071038,2.45523084186362,50.7105931374996,-1.4898393501682
460,300,204.960780543711,2.31167076630958,-101.30993247402,15.8598030074425
90,550,414.037528561268,2.61703970756631,173.047042531826,22.0029685674789
470,1000,501.899191454728,2.70061649604661,93.4336303624505,-4.6300222905094
460,220,283.842712474619,2.45307774840223,-98.130102354156,18.0239842445919
160,910,533.634959423431,2.72724427328359,129.66784111834,2.37431554889459
420,340,179.885438199983,2.25499600845196,-116.565051177078,20.1255614280326
380,900,418.612260356422,2.62181194384778,106.699244233994,8.29985667492293
600,90,423.018956920184,2.626359830026,-76.2930389959202,17.2077139793239
610,970,483.700735445887,2.68457674771479,76.8274465766731,16.0644426806053
40,420,467.90470119715,2.67015740871798,-170.134193056916,7.04475432100096
360,550,149.660687473185,2.17510773584308,160.346175941947,11.1010440129801
610,40,473.969343615419,2.67575025237193,-76.5513849483135,16.5161023614987
490,70,431.116263352131,2.63459440640959,-91.3322198538696,12.7341292403006
830,530,332.360830515618,2.52160983552939,5.19442890773481,0.388274546862017
640,230,305.138126514911,2.48449647542524,-62.5924245621816,-3.00472311998649
150,890,525.022900262956,2.72017824672202,131.905941941083,2.81051230454909
60,880,582.377674149945,2.76520471764541,139.184916125118,-6.05146794286991
620,630,177.918060129541,2.25022003474218,47.2906100426385,17.4755532194757
20,590,489.364617882991,2.68963256572344,169.380344723845,5.08663286169703
570,90,416.932686861708,2.62006594445994,-80.3112134396332,11.9737969569012
910,630,431.116263352131,2.63459440640959,17.5924245621816,9.9480995116288
560,70,435.165866921848,2.63865482329664,-82.0565281894096,17.3111557654247
370,820,346.398320783411,2.53957577804431,112.109448343752,19.211954184856
620,670,209.086520466848,2.32032603532573,54.7824070318073,4.7323010593805
440,640,153.315462117278,2.18558595637809,113.198590513648,22.3886192038131
530,140,362.247837363769,2.55900580139294,-85.2363583092738,12.9037253099148
910,700,457.179789118282,2.66008702297342,26.0033458445114,13.2021732999325
370,600,165.012194668567,2.21751604046583,142.431407971173,18.6199606970157
930,600,442.474801092882,2.64588854269954,13.0918930643468,8.18160814368901
880,150,517.62365412358,2.71401411430017,-42.6467031338917,5.24026644996505
190,60,539.237865631916,2.73178038103765,-125.166436035793,5.68072387585431
60,750,507.0632371552,2.70506212468828,150.395549253995,-12.0488872484715
90,810,515.003891035856,2.71181051030142,142.907162702958,-9.54225860217454
10,780,565.358042380898,2.75232357451325,150.255118703058,-6.33176595477696
90,190,515.003891035856,2.71181051030142,-142.907162702958,-14.0528849313099
660,460,165.924225024706,2.21990979787786,-14.0362434679265,28.9388668604395
60,930,616.223536610881,2.78973828214226,135.658543177564,4.99543299430314
310,30,507.951674225463,2.70582239611158,-112.011283197919,-7.99173097255089
820,180,453.54833995939,2.65662358171321,-45,13.9803222248349
20,260,537.656314599949,2.73050475081797,-153.434948822922,-7.61498835902437
790,210,411.121933088198,2.61397064672704,-45,22.5414684624029
270,410,247.981780704569,2.39441977425311,-158.629377730657,6.42810970015465
110,490,391.128184062623,2.59231911163574,-178.531199285614,25.0612571675671
670,740,295.108823397055,2.46998219457406,54.6887865603668,-0.358812964243304
610,140,377.430604494374,2.57683711263903,-73.0091767080138,12.0530674251991
850,300,404.112887414927,2.60650270058851,-29.7448812969422,21.2078044664512
1000,910,647.606526413088,2.8113112168122,39.3517526262647,-1.02507578904689
780,80,505.777178564958,2.70395922942335,-56.3099324740202,-1.81589511165102
970,240,538.121960079831,2.73088071541927,-28.9509952074668,3.40039063038616
170,240,421.119030752,2.62440486802636,-141.766174822553,-2.31074118859094
720,930,484.011387029333,2.6848555791358,62.9044475062482,11.0097285011107
780,380,305.630924234556,2.48519729474971,-23.1985905136482,9.12866887310365
960,210,544.783044972901,2.73622358277166,-32.2287574350986,2.7485285608393
400,70,442.474801092882,2.64588854269954,-103.091893064347,4.38267625887763
360,130,396.60080889705,2.59835359564631,-110.725558865561,13.2686346156039
750,400,270.258240356725,2.43177894476002,-21.8014094863518,9.76215087219658
330,90,444.846820423443,2.64821049076246,-112.520565602897,2.81586692002235
900,370,421.594816896262,2.62489526300338,-18.0041616059134,11.381951434058
830,330,372.214223865412,2.57079296532411,-27.2553283749431,22.0562720636723
410,640,167.433169770932,2.22384149918576,122.735226272108,19.8103595466113
980,370,498.292670366254,2.69748449896535,-15.1540680503126,4.03635938527555
730,230,355.682957019364,2.55106305593705,-49.5739212599009,7.26262075917181
100,0,641.312423743285,2.80706965331329,-128.65980825409,14.1248378564689
870,580,379.549864614954,2.5792688408494,12.2004687273808,1.73275788161272
490,10,491.102030193714,2.69117172948918,-91.1691393279074,0.715318912259655
800,170,446.982062419555,2.65029009505919,-47.7263109939063,11.5311466688329
310,40,498.694685525172,2.69783474006639,-112.442753365294,-5.4658550503687
860,860,510.116882454314,2.70766969686077,45,2.54986758700517
370,750,282.780056072107,2.451448776259,117.474431626277,24.0088900584798
10,50,666.281895139196,2.82365801235568,-137.43664824681,4.18699002398242
870,790,471.106370941726,2.67311897739919,38.0887728809753,18.2616769907646
80,850,547.717477313466,2.73855659920831,140.194428907735,-6.76971331333131
300,960,502.597448159378,2.70122027921654,113.498565675952,-5.02183303003539
920,90,587.941223633168,2.76933391191344,-44.3097228021349,-6.06794186533503
920,130,560.732078766261,2.74875540224199,-41.3785152958827,-2.5509978429774
550,570,87.0232526704263,1.93963531189645,54.4623222080256,41.0497776015416
610,220,301.832179129826,2.47976553919544,-68.5522636728947,-4.50282396724799
430,450,87.0232526704263,1.93963531189645,-144.462322208026,21.8174388051044
280,410,238.697286480094,2.37784748195849,-157.750976342788,11.0525903390132
310,840,390.486841883009,2.59160640417009,119.197486046064,18.3019848342217
650,140,391,2.59217675739587,-67.3801350519596,12.5913835868713
720,870,431.464865000618,2.63494543607065,59.2645122980799,9.59045873817603
760,660,306.286750449475,2.48612821022107,31.6075022462489,8.05281914390723
760,460,264.058928759318,2.42170085709375,-8.74616226255521,7.82147737947094
80,830,535.134814442946,2.72846320593338,141.842773412631,-10.0785927833064
470,870,372.214223865412,2.57079296532411,94.6354634269026,13.1698212859227
50,570,456.411901469428,2.65935696062591,171.158185439808,12.3898070919727
530,190,312.448230047949,2.49477806882552,-84.4724598483438,4.20671360733235
420,730,244.515913237718,2.38830712851665,109.179008025811,20.101738590185
850,910,540.073278877742,2.7324526902917,49.5139884580013,-9.34088743826409
330,960,491.407993409569,2.69144221658328,110.282559088917,-6.51749259284048
110,320,430.534631898291,2.63400809153273,-155.224859431168,-0.770486511139228
130,840,503.493781056044,2.70199411069952,137.419509216656,-6.59821429143914
730,660,281.178514522438,2.4489821322054,34.8244891569568,4.28593555021979
590,800,314.209195267316,2.4972188904284,73.3007557660064,-2.75139676249531
90,780,497.487663492256,2.69678231574774,145.669782804497,-11.5305096287643
80,130,560.732078766261,2.74875540224199,-138.621484704117,-4.4597001497322
670,780,328.566787083184,2.51662366099951,58.7362683056226,0.824029268393985
70,30,638.024332345319,2.80483724173338,-132.455195620187,10.1906565046463
790,450,295.278779391243,2.47023223692635,-9.78240703180729,5.85238779431878
680,270,293.061637330205,2.46695897167547,-51.9529574681739,1.88386078558789
70,870,568.274184147313,2.75455792713917,139.289153328819,-2.25206824806823
80,200,517.139516022558,2.71360772465052,-144.462322208026,-14.0537736953028
950,340,478.598157450382,2.67997102229524,-19.5731258304102,7.48755484691554
360,160,368.695526217005,2.56666786787176,-112.38013505196,18.0283304070159
1000,370,517.62365412358,2.71401411430017,-14.5742161980387,-2.0326913306698
780,520,281.713376952364,2.44980746962924,4.08561677997488,7.04889312689902
910,500,411,2.61384182187607,0,-1.21018661819053
950,230,525.785670536077,2.72080874591658,-30.9637565320735,6.46266424493757
720,760,341.587727318528,2.5335022588156,49.7636416907262,7.17020320804925
980,790,561.802995712398,2.74958405066815,31.1389724369789,1.25277705717565
80,60,609.276253029822,2.78481425152166,-133.66778014613,7.90691128038018
750,20,542.202365109392,2.73416140765929,-62.4879973761485,-7.33957692172806
530,910,412.096095821889,2.61499850005955,85.8150838748816,13.5427061099921
400,950,461.977222864644,2.6646205638071,102.528807709152,-4.10104841527329
870,480,371.540146272978,2.57000574774078,-3.09405805891711,-3.31789062762017
100,730,462.410879802373,2.66502804380034,150.101098161385,-7.00208671464391
470,540,51,1.70757017609794,126.869897645844,33.0105872281623
10,90,639.905313798532,2.80611571658228,-140.079607860015,0.533019991851582
450,210,295.278779391243,2.47023223692635,-99.7824070318073,16.2258087482104
50,430,456.411901469428,2.65935696062591,-171.158185439808,7.83818949905319
110,460,393.045915678253,2.59444328768052,-174.143986414571,25.4202566100951
110,330,426.440947723653,2.62985889985671,-156.447736327105,4.55373409548125
620,610,163.788205960997,2.21428262593191,42.5104470780008,24.6594739514147
710,940,488.544869729956,2.68890445706448,64.4861295724658,6.61443621362044
560,240,267.833281282527,2.42786454197878,-77.0053832080835,-3.27510836748594
920,760,494.963561409139,2.69457322790036,31.7594800848128,9.50766823863451
970,110,611.737259384099,2.7865649330924,-39.6854543300553,-1.70189727034291
270,540,234.452350598575,2.37005459129484,170.134193056916,7.71845212113206
830,710,392.152144312159,2.59345459410167,32.4711922908485,20.210289253798
210,550,295.278779391243,2.47023223692635,170.217592968193,17.7184859353294
920,820,529.015151297763,2.7234681106567,37.3039482779834,3.11180552222155
10,170,591.762219509677,2.77214723459577,-146.040940180324,-3.26198357056961
930,430,436.660418215839,2.64014382638542,-9.24611274556325,4.74299570047442
40,150,579.013840664737,2.76268894516522,-142.733598099023,-1.48844194143139
850,840,488.954915950234,2.68926881688092,44.169684513742,9.70811486092979
500,820,321,2.50650503240487,90,13.6814784804991
970,980,672.788657242737,2.82787866094322,45.6030911943805,-2.38195465625841
70,100,588.281874401041,2.76958546751225,-137.070030653041,2.36868404314452
530,320,183.482875908947,2.2635955386411,-80.5376777919744,9.39901572180945
930,310,471.106370941726,2.67311897739919,-23.8387401831717,15.4962672790189
500,350,151,2.17897694729317,-90,22.2350071159615
600,580,129.062484748657,2.11080002201582,38.6598082540901,36.3716086438968
660,960,488.031826475437,2.68844814497803,70.8209919741893,12.9111939077902
430,740,251,2.39967372148104,106.260204708312,19.2123060680369
600,380,157.204993518133,2.19646633701463,-50.1944289077348,21.0494632209415
560,210,297.141857899217,2.47296383448355,-78.3106308245608,2.55448674085313
860,690,408.062648740952,2.61072684425116,27.8240963842533,19.0261499438413
40,370,479.016736108685,2.68035068726148,-164.219246690485,0.304970273432612
270,20,533.259335286851,2.72693846698706,-115.602187551442,-7.48731171661233
910,400,423.018956920184,2.626359830026,-13.7069610040798,5.6979284294281
850,610,367.878726556883,2.56570467446857,17.4471884232822,12.9498308716837
430,810,318.804971641414,2.50352508543297,102.724355685422,18.0881614035399
590,620,151,2.17897694729317,53.130102354156,25.6271814713459
260,670,295.108823397055,2.46998219457406,144.688786560367,8.79618656917117
180,80,529.015151297763,2.7234681106567,-127.303948277983,0.746170722627838
440,570,93.1954445729289,1.96939468440129,130.601294645004,28.6303879776789
960,760,529.393792544916,2.72377884463572,29.4758890032457,5.38877210741924
560,80,425.264068711929,2.628658689981,-81.869897645844,15.9564363710216
70,470,432.045241245046,2.63552922596845,-176.00908690157,20.180444135209
930,610,444.846820423443,2.64821049076246,14.3493320429471,7.46717272033977
940,740,502.198563445667,2.70087546606605,28.6104596659652,9.17694264541681
670,50,482.040538832228,2.68308356324053,-69.3045492659367,15.8639113551654
510,490,15.142135623731,1.18018713171576,-45,59.6902835097514
290,730,312.448230047949,2.49477806882552,132.3974377975,17.0299579610079
780,140,457.070170039655,2.65998287867304,-52.1250163489018,6.17569908042911
650,740,284.019433961698,2.45334805755959,57.9946167919165,-4.00227356875513
150,610,367.878726556883,2.56570467446857,162.552811576718,14.4483952036012
870,440,375.833296279826,2.57499525301313,-9.21102654081667,2.09572247602028
780,950,531,2.72509452108147,58.1092081981543,-7.98235023633855
910,150,540.073278877742,2.7324526902917,-40.4860115419987,0.676559080859936
690,640,237.008474424119,2.37476387482797,36.3843518158359,10.9779017442379
580,860,369.781778291716,2.56794550665459,77.4711922908485,11.9442073114347
400,120,393.93765408777,2.59542749434297,-104.743562836471,14.3737932939089
890,480,391.512483795333,2.59274561455996,-2.93567344642117,-0.399955959443758
830,70,543.033209314706,2.73482638977505,-52.4958576397298,-11.6369342695942
40,340,488.031826475437,2.68844814497803,-160.820991974189,-1.68628326204128
20,530,481.936586256442,2.6829898970548,176.423665625003,9.13661901717478
360,100,424.792402008342,2.62817674019356,-109.290046219189,4.04928598281336
770,720,349.28149534536,2.54317557767235,39.1736579704442,17.5200743574267
940,650,465.865571966778,2.66826061674288,18.8247100182401,8.76894210839865
990,490,491.102030193714,2.69117172948918,-1.16913932790742,-0.900613882753615
980,700,521,2.71683772329952,22.6198649480404,2.78257756180222
360,510,141.356688476182,2.15031636252186,175.914383220025,10.1512445474929
920,950,616.548535860496,2.78996727075605,46.974934010882,-7.63507202347418
800,700,361.555127546399,2.55817452504378,33.6900675259798,22.4464236217185
800,320,350.857113690718,2.54513028635238,-30.9637565320735,17.4611031995553
440,910,415.366987102013,2.61843197633685,98.3256503304268,5.52265490962358
390,740,265.007575648882,2.42325828908956,114.623564786164,21.9972114213044
260,180,401,2.60314437262018,-126.869897645844,15.8523569071277
50,400,461.977222864644,2.6646205638071,-167.471192290848,7.06630044050541
820,810,446.533388198909,2.64985393750995,44.0906195508009,16.8883826611672
770,840,435.165866921848,2.63865482329664,51.546290783294,12.2542486374461
950,720,501.899191454728,2.70061649604661,26.0534953104909,9.4274320535994
950,410,459.911756223351,2.66267451111279,-11.3099324740202,0.0901233761507561
530,160,342.32096331752,2.53443349561567,-84.9575489308291,11.6489435086233
730,600,251.798724079689,2.40105352511039,23.4985656759521,12.0157862250123
900,420,408.921561087423,2.61164001007604,-11.3099324740202,3.48268136410143
810,300,369.917334913934,2.56810468352157,-32.8285417914125,19.7620239830916
230,670,320.061122670876,2.50523292426935,147.804266065287,11.8164740328945
430,100,407.078810084939,2.60967849637917,-99.9262455066517,7.52681722217073
120,350,409.53396431631,2.61228992539675,-158.459024081462,8.6446364143282
910,260,476.078940808788,2.67767897102961,-30.3432488842396,16.9117111169013
570,980,486.077313425396,2.68670535182113,81.7028550301631,11.793000133913
210,870,471.106370941726,2.67311897739919,128.088772880975,5.77233778805367
970,510,471.106370941726,2.67311897739919,1.2188752351313,-1.52083063381839
590,100,411,2.61384182187607,-77.3196165081802,16.3199394088617
340,240,306.286750449475,2.48612821022107,-121.607502246249,21.4566865468177
100,860,539.144961882948,2.7317055512377,138.012787504183,-6.02363951606189
640,190,341.147027033899,2.53294159092181,-65.6954507340633,0.288483272687812
490,730,231.217288664427,2.36402030418986,92.4895529219991,10.6094469718564
730,810,387.005181312376,2.58771677949,53.4269690214807,12.6829093373922
490,710,211.237960416286,2.32477196555652,92.7263109939063,10.7932619147318
810,420,321.156211871642,2.50671632664744,-14.4702941000659,6.65172021183051
520,730,231.867927612304,2.36524068040045,85.0302592718897,4.98637455061705
530,580,86.4400374531753,1.93671494638455,69.4439547804165,39.3361135283472
830,740,409.044115262063,2.61177014903839,36.0273733851036,21.8682029682791
380,530,124.69316876853,2.09584266159886,165.963756532074,16.0592373217181
120,800,485.148737476408,2.68587490553485,141.709836807757,-9.21101083711923
20,750,542.202365109392,2.73416140765929,152.487997376149,-8.97230112086746
720,90,466.295604965274,2.66866132206327,-61.7826441452707,5.76807459134499
590,220,295.108823397055,2.46998219457406,-72.1811110854772,-3.73887392903803
670,210,337.154726279432,2.52782925205267,-59.6208739886317,1.75678331127682
200,320,350.857113690718,2.54513028635238,-149.036243467926,6.43180337633622
130,10,615.00325732035,2.78887741599088,-127.05652818941,14.2701686157356
10,390,503.195181179589,2.70173647346039,-167.347443499442,0.151168595538503
330,450,178.200451466693,2.2509087999772,-163.610459665965,5.47414386255405
560,280,229.035085019828,2.35990201536776,-74.7448812969422,1.70558602146807
370,420,153.643375224737,2.18651383914256,-148.392497753751,14.9034680331978
410,730,247.981780704569,2.39441977425311,111.370622269343,18.8359197020315
860,230,451,2.65417654187796,-36.869897645844,19.2457286297868
330,210,337.154726279432,2.52782925205267,-120.379126011368,19.4557720438583
970,10,679.969807870718,2.83248962952058,-46.193489423982,-0.185220999557604
740,720,326.576411921994,2.51398481315611,42.5104470780008,10.2036197722693
370,810,337.154726279432,2.52782925205267,112.750976342788,22.6834924862196
590,300,220.317121994613,2.34304824975552,-65.7722546820458,2.11876683657475
820,190,446.533388198909,2.64985393750995,-44.0906195508009,17.3689745132328
900,500,401,2.60314437262018,0,0.165737638239583
140,10,609.02960454241,2.78463840392502,-126.304497122575,14.6567582205189
880,290,435.165866921848,2.63865482329664,-28.9264258352536,20.5440558898675
460,890,393.045915678253,2.59444328768052,95.856013585429,11.7198682539254
240,600,279.567765543682,2.4464870953514,158.962488974578,6.33768913985073
960,220,539.51648071345,2.73200471569842,-31.3286928678042,2.5652452504608
930,340,459.802789878178,2.6625716020464,-20.409882833804,11.6303353990276
460,920,422.90046219458,2.62623815979444,95.4403320310055,8.7448853674688
310,300,276.862284482674,2.44226379808338,-133.531199285614,13.0189026176561
600,310,215.709105535839,2.33386847797461,-62.24145939894,-0.766412100257894
990,930,652.920240520265,2.8148601319373,41.2686030008396,1.17776484600781
70,220,514.1276644267,2.71107097322049,-146.929322177238,-9.83599554851634
120,270,445.184646290256,2.64854017779564,-148.815025341262,-5.54510009649277
120,180,497.789693934969,2.69704590088345,-139.899092453788,-7.80263891111094
140,460,363.215405525497,2.56016426053414,-173.65980825409,22.2050322287359
130,210,471.106370941726,2.67311897739919,-141.911227119025,-9.10839567003264
600,980,491.306026885251,2.69135209168816,78.2317110679794,16.9190284294286
170,300,386.875627631495,2.58757137092425,-148.781597235654,6.92647109728613
320,890,430.534631898291,2.63400809153273,114.775140568832,10.5839411602063
1000,660,525.976189936267,2.72096608481279,17.7446716250569,0.426782412320219
450,70,433.897216438267,2.63738686402786,-96.6325146151385,4.33868609517115
630,480,132.529464379659,2.12231244276298,-8.74616226255521,39.2874323003346
160,380,361.555127546399,2.55817452504378,-160.559965171824,13.8480517429819
180,280,389.329756778952,2.59031759845492,-145.491477012332,4.23107914754333
30,890,611.737259384099,2.7865649330924,140.314545669945,-1.36417309776406
160,50,565.003546088143,2.75205117355693,-127.07307331731,5.31989897058709
260,480,241.831891575846,2.38351357287758,-175.236358309274,6.29884339922278
160,830,474.814309619285,2.67652379894104,135.855097396267,-1.17624644830617
80,430,426.793377120875,2.63021767152522,-170.537677791974,15.9400863028278
960,450,463.709412050371,2.66624591099189,-6.20344790169183,0.51170938614972
430,780,289.617393793236,2.46182464109409,104.036243467926,21.0129629218867
190,600,326.729949498047,2.51418894563425,162.121303404159,11.949560656529
990,60,659.559033041078,2.81925367262934,-41.9225446005756,2.05249929792181
470,820,322.403173599764,2.50839930816432,95.3558250428552,14.726969933791
650,570,166.529453572468,2.22149105701789,25.0168934781,31.4044226946549
30,740,528.73099207835,2.72323476774221,152.949402992914,-8.7170738110269
750,910,481.208288141719,2.68233309884905,58.6269948598915,4.79404002743869
590,610,143.126704035519,2.15572067033072,50.7105931374996,30.1325310614848
70,760,503.493781056044,2.70199411069952,148.840695491656,-8.4081066252495
820,920,529.015151297763,2.7234681106567,52.6960517220166,-7.09947992927673
870,400,384.275357934736,2.58464253576257,-15.1240073083106,9.63509949804658
50,800,541.832691319598,2.73386520452032,146.30993247402,-9.09487015967159
260,270,333.415402771893,2.52298565903225,-136.218875235131,16.5784321097988
760,490,261.192236625154,2.41696026432983,-2.20259816176581,7.46297843613855
700,990,530.24474489597,2.72447637304151,67.7965214679426,4.75633464365814
170,500,331,2.51982799377572,180,27.0211723431929
190,860,476.078940808788,2.67767897102961,130.732106699709,3.44385529603776
350,130,400.249295553543,2.60233057622537,-112.06789956241,14.8284625019462
450,950,453.769256906871,2.65683506887818,96.3401917459099,-2.049050521251
580,630,153.643375224737,2.18651383914256,58.3924977537511,22.2602250953526
340,980,506.964425626941,2.70497748537679,108.434948822922,-12.8423422301307
430,850,357.931365951495,2.55379975779983,101.30993247402,18.2069095790607
700,860,412.82520563948,2.61576620590586,60.9453959009229,8.22781311368048
30,480,471.425339453563,2.67341292245876,-177.56335175319,10.1624342958022
230,930,508.740090991444,2.70649596332488,122.124998440388,4.83404797709982
670,600,198.23082923316,2.29717119770047,30.4655449194599,21.0346440395733
840,830,474.814309619285,2.67652379894104,44.1449026037333,10.1498063938049
480,480,29.2842712474619,1.46663442088083,-135,46.8446935027236
500,410,91,1.95904139232109,-90,34.6964015817585
100,150,532.507290636732,2.726325558142,-138.81407483429,-6.34509829680817
420,370,153.643375224737,2.18651383914256,-121.607502246249,22.9451658274615
500,440,61,1.78532983501077,-90,41.8291075289975
220,960,539.51648071345,2.73200471569842,121.328692867804,0.73327119116069
250,490,251.199920063936,2.40001949686533,-177.709389957361,6.64486742986904
350,720,267.270539113887,2.42695108967529,124.286876977209,20.9420881049091
10,900,633.534584034739,2.80177032757856,140.774325902663,4.3558524290621
300,490,201.249843945008,2.30373555227544,-177.137594773888,6.68066356056939
200,10,575.543296888929,2.76007800023801,-121.476839349584,6.28995990649593
300,1000,539.51648071345,2.73200471569842,111.801409486352,-11.5998128163661
960,440,464.896540189728,2.66735631412867,-7.43140797117251,1.89828571507497
840,250,423.018956920184,2.626359830026,-36.3268259521202,21.9236246876181
980,810,572.401785086466,2.75770097947627,32.855721950433,0.187810487221785
640,240,296.296461204668,2.47172646454632,-61.6992442339936,-6.62743158337696
740,640,278.848879788996,2.44536890415326,30.2564371635293,6.89983611386516
470,140,362.247837363769,2.55900580139294,-94.7636416907262,13.5952836591549
80,220,505.777178564958,2.70395922942335,-146.30993247402,-11.5932207469051
500,790,291,2.46389298898591,90,10.3344960518743
550,480,54.851648071345,1.73918968090869,-21.8014094863518,47.759942533967
700,470,203.237484161567,2.30800381022216,-8.53076560994813,19.7293305951925
400,810,326.729949498047,2.51418894563425,107.878696595841,20.2287797864589
120,50,589.982172905089,2.77083888905584,-130.179233921907,8.0338211915471
260,820,401,2.60314437262018,126.869897645844,13.639782094374
340,310,249.394846967484,2.39688747577963,-130.100907546212,14.7991311156743
610,20,493.442890089805,2.6932368957005,-77.0925913287342,15.0716299847216
530,930,432.045241245046,2.63552922596845,86.0090869015702,14.0825905310303
330,640,221.227155455452,2.34483843520322,140.527540151656,12.4131348264321
930,180,537.003731330296,2.72997730337279,-36.6561084159669,3.978736983623
570,210,299.328677803526,2.47614832731525,-76.4295656148385,-0.276235901099646
220,400,298.32137494637,2.4746843719966,-160.346175941947,14.6412610612971
90,610,425.499705535822,2.62889926387017,164.981639368849,13.9927406630562
140,430,367.742416417845,2.56554372547342,-168.99645914825,21.8522938098533
230,220,389.973006775534,2.59103454699022,-133.95837332399,6.28732086459359
150,160,488.954915950234,2.68926881688092,-135.830315486258,-3.86665331660922
170,610,348.850542618522,2.54263940283773,161.565051177078,15.214055307776
260,910,476.078940808788,2.67767897102961,120.34324888424,2.88579580332392
160,360,368.695526217005,2.56666786787176,-157.61986494804,11.2192324115939
840,620,361.555127546399,2.55817452504378,19.4400348281762,12.3235558891632
70,570,436.660418215839,2.64014382638542,170.753887254437,17.3523287841866
490,480,23.3606797749979,1.36848547620728,-116.565051177078,49.9408186141789
380,710,242.867732448957,2.3853698180153,119.744881296942,22.5234903792974
920,660,450.444101084885,2.65364090386859,20.8544580395783,14.0827097278686
100,570,407.078810084939,2.60967849637917,170.073754493348,24.0355969692933
370,520,132.529464379659,2.12231244276298,171.253837737445,8.28320744640239
910,410,420.761837236307,2.62403634276811,-12.3807569288072,4.68190225179061
990,750,551.090901579003,2.74122324095352,27.030860259843,-5.25252899638277
770,20,551.726792520575,2.74172407433532,-60.6422464572087,-5.84533609567094
240,310,323.024843762092,2.50923592509849,-143.841814560192,13.846575466216
990,900,633.534584034739,2.80177032757856,39.2256740973367,-1.22007060621967
630,10,507.951674225463,2.70582239611158,-75.1413855520753,15.5930568047111
870,570,377.563407675255,2.57698989713348,10.713123022791,2.82007247851484
520,460,45.7213595499958,1.66011913590265,-63.434948822922,47.8781467128092
530,850,352.283361405006,2.54689213162678,85.1009075462122,10.8369356283939
260,370,273.946881279124,2.43766636061677,-151.557071375637,7.00296389231074
720,480,221.907220343745,2.34617143339213,-5.19442890773481,15.21797046708
170,620,352.140997321589,2.54671658989281,160.0168934781,12.9125113101091
300,480,201.997512422418,2.30534602118984,-174.2894068625,3.07751391286818
400,50,461.977222864644,2.6646205638071,-102.528807709152,-6.590602768468
470,790,292.547594742265,2.46619653179401,95.9061411137705,15.8143443902571
220,820,426.205832509386,2.62961938861917,131.18592516571,7.50391950470793
100,810,507.0632371552,2.70506212468828,142.224315694045,-10.8931408413599
570,470,77.1577310586391,1.88737944806463,-23.1985905136482,47.0410515135807
270,160,411.487515035476,2.61435666279627,-124.077195280131,14.6861042670584
540,700,204.960780543711,2.31167076630958,78.6900675259798,4.27814638758226
140,520,361.555127546399,2.55817452504378,176.820169880136,26.1815090995867
450,260,246.153013442625,2.39120515684041,-101.768288932021,14.5573372631587
500,100,401,2.60314437262018,-90,11.8876058325727
40,880,597.657355607052,2.77645226890837,140.440332031006,-0.545956483848489
310,660,249.394846967484,2.39688747577963,139.899092453788,9.23851596162311
120,640,405.969134626332,2.60849301591457,159.775140568832,10.7324313428618
50,960,644.506021727847,2.80922697939456,134.37040139159,9.9736671201924
930,70,609.111831820431,2.78469703562754,-45,-11.4668302452845
300,300,283.842712474619,2.45307774840223,-135,15.3972218644848
760,120,461.434577328854,2.66411013500621,-55.6196552761551,3.87626152563433
230,940,517.236379965612,2.71368906350663,121.534791905188,3.51368052853584
640,40,481.832611206852,2.6828961904068,-73.072486935853,15.2818706054442
710,440,219.403296678416,2.34124314884712,-15.9453959009229,17.6261695934707
550,970,473.652091923859,2.67545945974315,83.9275435927923,11.6876027812171
440,300,209.806130178211,2.32181817338888,-106.699244233994,16.6317139834959
380,690,225.722050542442,2.35357398690734,122.275644314578,19.545510017463
320,770,325.499614791759,2.51255047894442,123.69006752598,23.5808711875198
870,300,421.594816896262,2.62489526300338,-28.393019421383,25.1302720382356
780,0,574.061951275776,2.75895876286034,-60.751173663453,-9.95818359490362
900,620,418.612260356422,2.62181194384778,16.6992442339936,8.37953142162884
110,670,426.440947723653,2.62985889985671,156.447736327105,4.40831140181137
680,620,217.333076527839,2.33712582784075,33.6900675259798,10.9822231531526
980,740,537.656314599949,2.73050475081797,26.565051177078,4.42044935280718
170,10,591.762219509677,2.77214723459577,-123.959059819676,12.2915171749945
60,240,512.077293567226,2.70933551885902,-149.420773127511,-11.1270372444426
690,550,197.468827043885,2.29549854648723,14.7435628364707,20.1595870889939
960,530,461.977222864644,2.6646205638071,3.73139699916045,0.270905857015532
780,990,565.358042380898,2.75232357451325,60.2551187030578,-9.57517653685466
130,110,538.587202228625,2.73125602960367,-133.492564241225,2.38854783559679
740,600,261,2.41664050733828,22.6198649480404,8.30903930810866
180,920,529.015151297763,2.7234681106567,127.303948277983,4.18722637370585
150,350,381.788655293195,2.58182301935161,-156.801409486352,6.18355394930845
150,400,365.005494464026,2.56229940198373,-164.054604099077,17.7004548127211
760,380,287.356421265527,2.45842090632104,-24.7751405688319,8.4903703074847
620,360,185.390889145858,2.26808838735484,-49.3987053549955,12.2468596950334
490,30,471.106370941726,2.67311897739919,-91.2188752351313,1.43456971930743
940,460,442.81444068749,2.64622177527947,-5.19442890773481,2.11654666670079
820,210,432.856457633784,2.6363439009888,-42.1844433157888,21.0300010360999
360,780,314.049516849971,2.4969981295995,116.565051177078,21.8852467531116
760,520,261.768096208106,2.41791671446422,4.39870535499553,5.56210038145287
410,140,372.079506305589,2.57063575025937,-104.036243467926,13.8417835875051
350,310,243.074368738204,2.38573916656679,-128.290163192243,18.659039147209
430,340,175.64249196573,2.24462959012267,-113.629377730657,22.0308200694571
280,230,349.28149534536,2.54317557767235,-129.173657970444,17.9571573253245
700,10,530.24474489597,2.72447637304151,-67.7965214679426,5.11699015149814
470,70,432.045241245046,2.63552922596845,-93.9909130984298,5.97061716431979
210,750,383.883794381533,2.58419977880345,139.236394799059,6.89865759735875
840,220,441.454310910905,2.6448857621694,-39.4724598483438,20.4253261503711
350,940,465.865571966778,2.66826061674288,108.82471001824,-1.4750558179145
500,880,381,2.58092497567562,90,11.3927565558915
840,840,481.832611206852,2.6828961904068,45,10.3397870970092
580,420,114.137084989848,2.05742677666756,-45,35.0186377015005
100,940,595.64274989274,2.77498585996035,132.273689006094,6.46912864453302
870,940,575.891294072192,2.76034051321477,49.9392155421262,-11.2990216690245
580,730,244.515913237718,2.38830712851665,70.8209919741893,-2.47895058133042
310,330,255.950975679639,2.40815678941069,-138.179830119864,15.4200988911726
130,20,607.05280298007,2.78322646874495,-127.62623363867,9.23065264703722
740,260,340.411254969543,2.53200391066743,-45,7.54024546912348
980,130,607.05280298007,2.78322646874495,-37.6262336386698,-0.10216569911481
490,890,391.128184062623,2.59231911163574,91.4688007143858,13.8466054326529
830,580,340.558536926993,2.53219177140123,13.6269948598915,4.26490727771303
730,720,319.276609256791,2.50416710255821,43.7269699799433,5.47106990565099
140,170,489.364617882991,2.68963256572344,-137.489552921999,-7.86394896541586
290,130,426.440947723653,2.62985889985671,-119.577838681261,13.6452941217652
1000,480,501.399840127872,2.70018419114674,-2.29061004263853,-1.95171844663906
690,520,192.049731745428,2.2834137048802,6.00900595749452,22.7261356289917
30,130,599.163857149527,2.7775456079058,-141.788974574439,-3.51984876431103
530,240,262.725046566048,2.41950147768485,-83.418055344822,2.42596734979685
710,220,351,2.54530711646582,-53.130102354156,4.00800964120665
810,900,507.0632371552,2.70506212468828,52.2243156940453,-2.35711804706197
310,950,489.466989672793,2.6897234077094,112.890551656248,-8.03897418479161
760,700,329.024389337134,2.51722809175528,37.5685920288275,13.1919653088723
100,330,435.626276242015,2.63911406778424,-156.974507991472,0.716865548630553
790,30,553.268050859363,2.74293559207192,-58.3245312618908,-9.04022083412547
110,910,566.862174031804,2.75347747805757,133.567903815835,3.8648736764336
370,80,440.658958739612,2.64410260389562,-107.198541220066,2.64122283554003
740,420,253.98221281347,2.4048033026536,-18.434948822922,9.3814767254575
130,1000,623.012861603359,2.79449701241472,126.501441120506,13.137425605145
210,390,311.161248385416,2.49298550521899,-159.227745317954,10.8697616982181
670,390,203.484567313166,2.30853147702617,-32.9052429229879,14.3148937028532
670,170,372.214223865412,2.57079296532411,-62.7446716250569,9.60517779610965
970,760,538.121960079831,2.73088071541927,28.9509952074668,3.73123328299211
640,730,270.258240356725,2.43177894476002,58.6713071321958,-4.37194972704868
500,620,121,2.08278537031645,90,29.3523631659089
230,480,271.739727413618,2.43415313541921,-175.763605200941,11.522839903252
320,230,325.499614791759,2.51255047894442,-123.69006752598,18.9607809030387
160,940,557.057550978314,2.74590006551694,127.694240466689,5.29673287078529
840,690,390.486841883009,2.59160640417009,29.1974860460645,26.854526305493
540,380,127.491106406735,2.10547989007825,-71.565051177078,24.9844580367839
370,360,192.049731745428,2.2834137048802,-132.878903603339,18.0899364033764
430,50,456.411901469428,2.65935696062591,-98.8418145601917,-2.99789301883452
880,270,445.184646290256,2.64854017779564,-31.1849746587384,22.3502334751038
140,290,417.773319683494,2.62094070112007,-149.743562836471,-2.50442698159861
540,620,127.491106406735,2.10547989007825,71.565051177078,27.0896328275642
470,120,382.182371050918,2.58227065045347,-94.5139884580013,13.4249901562499
560,960,464.896540189728,2.66735631412867,82.5685920288275,15.3790316630204
10,690,526.547333738837,2.72143741798605,158.805943518458,-1.83100995534068
810,220,418.731971484108,2.62193612188724,-42.0891621738322,22.0379783758727
860,800,469.614980554399,2.67174194230332,39.8055710922652,15.6107835421693
520,620,122.655250605964,2.08868614414769,80.5376777919744,27.0472729872961
640,860,387.264158316559,2.58800730445927,68.7494944928668,9.61227546469074
850,880,517.62365412358,2.71401411430017,47.3532968661083,2.08767448787636
650,830,363.491379207837,2.56049411531373,65.5560452195835,8.81909219922532
140,190,476.078940808788,2.67767897102961,-139.267893300291,-5.74236086310365
530,630,134.416640641263,2.12845303725437,77.0053832080835,27.53946040557
560,450,79.1024967590665,1.89819019160858,-39.8055710922652,43.6581639727606
390,460,118.046999107196,2.07205495128132,-160.0168934781,17.4080340477169
680,510,181.277563773199,2.25834405598487,3.17983011986423,23.6396693269787
860,920,554.172667437573,2.74364510196991,49.3987053549955,-7.93912687369391
860,80,554.172667437573,2.74364510196991,-49.3987053549955,-13.208663554378
410,930,440.317652729776,2.643766097064,101.821488340607,3.46931846924269
100,530,402.123422402632,2.60435937010356,175.710846671181,26.3577238001051
910,570,416.932686861708,2.62006594445994,9.6887865603668,3.63724337332362
770,1000,569.242905807015,2.75529762692343,61.6309537067214,-7.64717937165095
110,590,401.24992192379,2.60341496090683,167.005383208083,18.5454642680913
850,590,362.386219991853,2.55917167494495,14.420773127511,6.3505959282821
800,850,461.977222864644,2.6646205638071,49.3987053549955,8.22585810579002
480,210,291.688837074973,2.46491980900001,-93.9451862290376,10.5291393649769
